x,y,gray_value
0,0,255
1,0,255
2,0,255
3,0,255
4,0,255
5,0,255
6,0,255
7,0,255
8,0,255
9,0,255
10,0,255
11,0,255
12,0,255
13,0,255
14,0,255
15,0,255
16,0,255
17,0,255
18,0,255
19,0,255
20,0,255
21,0,255
22,0,255
23,0,255
24,0,255
25,0,255
26,0,255
27,0,255
28,0,255
29,0,255
30,0,255
31,0,255
32,0,255
33,0,255
34,0,255
35,0,255
36,0,255
37,0,255
38,0,255
39,0,255
40,0,255
41,0,255
42,0,255
43,0,255
44,0,255
45,0,255
46,0,255
47,0,255
48,0,255
49,0,255
50,0,255
51,0,255
52,0,255
53,0,255
54,0,255
55,0,255
56,0,255
57,0,255
58,0,255
59,0,255
60,0,255
61,0,255
62,0,255
63,0,255
64,0,255
65,0,255
66,0,255
67,0,255
68,0,255
69,0,255
70,0,255
71,0,255
72,0,255
73,0,255
74,0,255
75,0,255
76,0,255
77,0,255
78,0,255
79,0,255
80,0,255
81,0,255
82,0,255
83,0,255
84,0,255
85,0,255
86,0,255
87,0,255
88,0,255
89,0,255
90,0,255
91,0,255
92,0,255
93,0,255
94,0,255
95,0,255
96,0,255
97,0,255
98,0,255
0,1,255
1,1,255
2,1,255
3,1,255
4,1,255
5,1,255
6,1,255
7,1,255
8,1,255
9,1,255
10,1,255
11,1,255
12,1,255
13,1,255
14,1,255
15,1,255
16,1,255
17,1,255
18,1,255
19,1,255
20,1,255
21,1,255
22,1,255
23,1,255
24,1,255
25,1,255
26,1,255
27,1,255
28,1,255
29,1,255
30,1,255
31,1,255
32,1,255
33,1,255
34,1,255
35,1,255
36,1,255
37,1,255
38,1,255
39,1,255
40,1,255
41,1,255
42,1,255
43,1,255
44,1,255
45,1,255
46,1,255
47,1,255
48,1,255
49,1,255
50,1,255
51,1,255
52,1,255
53,1,255
54,1,255
55,1,255
56,1,255
57,1,255
58,1,255
59,1,255
60,1,255
61,1,255
62,1,255
63,1,255
64,1,255
65,1,255
66,1,255
67,1,255
68,1,255
69,1,255
70,1,255
71,1,255
72,1,255
73,1,255
74,1,255
75,1,255
76,1,255
77,1,255
78,1,255
79,1,255
80,1,255
81,1,255
82,1,255
83,1,255
84,1,255
85,1,255
86,1,255
87,1,255
88,1,255
89,1,255
90,1,255
91,1,255
92,1,255
93,1,255
94,1,255
95,1,255
96,1,255
97,1,255
98,1,255
0,2,255
1,2,255
2,2,255
3,2,255
4,2,255
5,2,255
6,2,255
7,2,255
8,2,255
9,2,255
10,2,255
11,2,255
12,2,255
13,2,255
14,2,255
15,2,255
16,2,255
17,2,255
18,2,255
19,2,255
20,2,255
21,2,255
22,2,255
23,2,255
24,2,255
25,2,255
26,2,255
27,2,255
28,2,255
29,2,255
30,2,255
31,2,255
32,2,255
33,2,255
34,2,255
35,2,255
36,2,255
37,2,255
38,2,255
39,2,255
40,2,255
41,2,255
42,2,255
43,2,255
44,2,255
45,2,255
46,2,255
47,2,255
48,2,255
49,2,255
50,2,255
51,2,255
52,2,255
53,2,255
54,2,255
55,2,255
56,2,255
57,2,255
58,2,255
59,2,255
60,2,255
61,2,255
62,2,255
63,2,255
64,2,255
65,2,255
66,2,255
67,2,255
68,2,255
69,2,255
70,2,255
71,2,255
72,2,255
73,2,255
74,2,255
75,2,255
76,2,255
77,2,255
78,2,255
79,2,255
80,2,255
81,2,255
82,2,255
83,2,255
84,2,255
85,2,255
86,2,255
87,2,255
88,2,255
89,2,255
90,2,255
91,2,255
92,2,255
93,2,255
94,2,255
95,2,255
96,2,255
97,2,255
98,2,255
0,3,255
1,3,255
2,3,255
3,3,255
4,3,255
5,3,255
6,3,255
7,3,255
8,3,255
9,3,255
10,3,255
11,3,255
12,3,255
13,3,255
14,3,255
15,3,255
16,3,255
17,3,255
18,3,255
19,3,255
20,3,255
21,3,255
22,3,255
23,3,255
24,3,255
25,3,255
26,3,255
27,3,255
28,3,255
29,3,255
30,3,255
31,3,255
32,3,255
33,3,255
34,3,255
35,3,255
36,3,255
37,3,255
38,3,255
39,3,255
40,3,255
41,3,255
42,3,255
43,3,255
44,3,255
45,3,255
46,3,255
47,3,255
48,3,255
49,3,255
50,3,255
51,3,255
52,3,255
53,3,255
54,3,255
55,3,255
56,3,255
57,3,255
58,3,255
59,3,255
60,3,255
61,3,255
62,3,255
63,3,255
64,3,255
65,3,255
66,3,255
67,3,255
68,3,255
69,3,255
70,3,255
71,3,255
72,3,255
73,3,255
74,3,255
75,3,255
76,3,255
77,3,255
78,3,255
79,3,255
80,3,255
81,3,255
82,3,255
83,3,255
84,3,255
85,3,255
86,3,255
87,3,255
88,3,255
89,3,255
90,3,255
91,3,255
92,3,255
93,3,255
94,3,255
95,3,255
96,3,255
97,3,255
98,3,255
0,4,255
1,4,255
2,4,255
3,4,255
4,4,255
5,4,255
6,4,255
7,4,255
8,4,255
9,4,255
10,4,255
11,4,255
12,4,255
13,4,255
14,4,255
15,4,255
16,4,255
17,4,255
18,4,255
19,4,255
20,4,255
21,4,255
22,4,255
23,4,255
24,4,255
25,4,255
26,4,255
27,4,255
28,4,255
29,4,255
30,4,255
31,4,255
32,4,255
33,4,255
34,4,255
35,4,255
36,4,255
37,4,255
38,4,255
39,4,255
40,4,255
41,4,255
42,4,255
43,4,255
44,4,255
45,4,255
46,4,255
47,4,255
48,4,255
49,4,255
50,4,255
51,4,255
52,4,255
53,4,255
54,4,255
55,4,255
56,4,255
57,4,255
58,4,255
59,4,255
60,4,255
61,4,255
62,4,255
63,4,255
64,4,255
65,4,255
66,4,255
67,4,255
68,4,255
69,4,255
70,4,255
71,4,255
72,4,255
73,4,255
74,4,255
75,4,255
76,4,255
77,4,255
78,4,255
79,4,255
80,4,255
81,4,255
82,4,255
83,4,255
84,4,255
85,4,255
86,4,255
87,4,255
88,4,255
89,4,255
90,4,255
91,4,255
92,4,255
93,4,255
94,4,255
95,4,255
96,4,255
97,4,255
98,4,255
0,5,255
1,5,255
2,5,255
3,5,255
4,5,255
5,5,255
6,5,255
7,5,255
8,5,255
9,5,255
10,5,255
11,5,255
12,5,255
13,5,255
14,5,255
15,5,255
16,5,255
17,5,255
18,5,255
19,5,255
20,5,255
21,5,255
22,5,255
23,5,255
24,5,255
25,5,255
26,5,255
27,5,255
28,5,255
29,5,255
30,5,255
31,5,255
32,5,255
33,5,255
34,5,255
35,5,255
36,5,255
37,5,255
38,5,255
39,5,255
40,5,255
41,5,255
42,5,255
43,5,255
44,5,255
45,5,255
46,5,255
47,5,255
48,5,255
49,5,255
50,5,255
51,5,255
52,5,255
53,5,255
54,5,255
55,5,255
56,5,255
57,5,255
58,5,255
59,5,255
60,5,255
61,5,255
62,5,255
63,5,255
64,5,255
65,5,255
66,5,255
67,5,255
68,5,255
69,5,255
70,5,255
71,5,255
72,5,255
73,5,255
74,5,255
75,5,255
76,5,255
77,5,255
78,5,255
79,5,255
80,5,255
81,5,255
82,5,255
83,5,255
84,5,255
85,5,255
86,5,255
87,5,255
88,5,255
89,5,255
90,5,255
91,5,255
92,5,255
93,5,255
94,5,255
95,5,255
96,5,255
97,5,255
98,5,255
0,6,255
1,6,255
2,6,255
3,6,255
4,6,255
5,6,255
6,6,255
7,6,255
8,6,255
9,6,255
10,6,255
11,6,255
12,6,255
13,6,255
14,6,255
15,6,255
16,6,255
17,6,255
18,6,255
19,6,255
20,6,255
21,6,255
22,6,255
23,6,255
24,6,255
25,6,254
26,6,254
27,6,254
28,6,255
29,6,255
30,6,254
31,6,254
32,6,254
33,6,254
34,6,254
35,6,254
36,6,253
37,6,254
38,6,254
39,6,254
40,6,254
41,6,253
42,6,253
43,6,252
44,6,253
45,6,252
46,6,251
47,6,254
48,6,254
49,6,254
50,6,254
51,6,254
52,6,253
53,6,253
54,6,251
55,6,250
56,6,251
57,6,252
58,6,253
59,6,251
60,6,252
61,6,252
62,6,251
63,6,251
64,6,251
65,6,252
66,6,250
67,6,252
68,6,252
69,6,250
70,6,251
71,6,251
72,6,250
73,6,248
74,6,252
75,6,253
76,6,253
77,6,253
78,6,254
79,6,251
80,6,254
81,6,255
82,6,255
83,6,255
84,6,255
85,6,255
86,6,255
87,6,255
88,6,255
89,6,255
90,6,255
91,6,255
92,6,255
93,6,255
94,6,255
95,6,255
96,6,255
97,6,255
98,6,255
0,7,255
1,7,255
2,7,255
3,7,255
4,7,255
5,7,255
6,7,255
7,7,255
8,7,255
9,7,255
10,7,255
11,7,255
12,7,255
13,7,255
14,7,255
15,7,255
16,7,255
17,7,255
18,7,255
19,7,255
20,7,255
21,7,255
22,7,255
23,7,255
24,7,255
25,7,254
26,7,254
27,7,255
28,7,255
29,7,255
30,7,255
31,7,255
32,7,255
33,7,255
34,7,254
35,7,254
36,7,254
37,7,254
38,7,254
39,7,254
40,7,254
41,7,253
42,7,253
43,7,254
44,7,254
45,7,253
46,7,252
47,7,254
48,7,254
49,7,254
50,7,254
51,7,254
52,7,252
53,7,251
54,7,251
55,7,250
56,7,250
57,7,250
58,7,246
59,7,252
60,7,250
61,7,249
62,7,249
63,7,248
64,7,247
65,7,241
66,7,239
67,7,244
68,7,244
69,7,243
70,7,244
71,7,238
72,7,247
73,7,246
74,7,248
75,7,252
76,7,249
77,7,253
78,7,253
79,7,252
80,7,255
81,7,255
82,7,255
83,7,255
84,7,255
85,7,255
86,7,255
87,7,255
88,7,255
89,7,255
90,7,255
91,7,255
92,7,255
93,7,255
94,7,255
95,7,255
96,7,255
97,7,255
98,7,255
0,8,255
1,8,255
2,8,255
3,8,255
4,8,255
5,8,255
6,8,255
7,8,255
8,8,255
9,8,255
10,8,255
11,8,255
12,8,255
13,8,255
14,8,255
15,8,255
16,8,255
17,8,255
18,8,255
19,8,255
20,8,255
21,8,255
22,8,255
23,8,255
24,8,255
25,8,254
26,8,254
27,8,255
28,8,255
29,8,255
30,8,254
31,8,254
32,8,254
33,8,254
34,8,254
35,8,253
36,8,254
37,8,253
38,8,254
39,8,253
40,8,253
41,8,254
42,8,254
43,8,255
44,8,255
45,8,253
46,8,252
47,8,254
48,8,254
49,8,255
50,8,254
51,8,253
52,8,252
53,8,252
54,8,254
55,8,252
56,8,251
57,8,249
58,8,252
59,8,248
60,8,248
61,8,245
62,8,217
63,8,191
64,8,185
65,8,136
66,8,166
67,8,178
68,8,163
69,8,150
70,8,198
71,8,191
72,8,217
73,8,211
74,8,226
75,8,241
76,8,246
77,8,249
78,8,252
79,8,253
80,8,254
81,8,255
82,8,255
83,8,255
84,8,255
85,8,255
86,8,255
87,8,255
88,8,255
89,8,255
90,8,255
91,8,255
92,8,255
93,8,255
94,8,255
95,8,255
96,8,255
97,8,255
98,8,255
0,9,255
1,9,255
2,9,255
3,9,255
4,9,255
5,9,255
6,9,255
7,9,255
8,9,255
9,9,255
10,9,255
11,9,255
12,9,255
13,9,255
14,9,255
15,9,255
16,9,255
17,9,255
18,9,255
19,9,255
20,9,255
21,9,255
22,9,255
23,9,255
24,9,255
25,9,254
26,9,254
27,9,255
28,9,255
29,9,255
30,9,254
31,9,254
32,9,254
33,9,254
34,9,254
35,9,254
36,9,254
37,9,254
38,9,254
39,9,253
40,9,253
41,9,253
42,9,253
43,9,254
44,9,254
45,9,252
46,9,252
47,9,254
48,9,254
49,9,254
50,9,253
51,9,253
52,9,251
53,9,252
54,9,252
55,9,254
56,9,251
57,9,237
58,9,219
59,9,195
60,9,172
61,9,144
62,9,126
63,9,128
64,9,124
65,9,123
66,9,127
67,9,126
68,9,123
69,9,132
70,9,130
71,9,132
72,9,132
73,9,127
74,9,155
75,9,168
76,9,190
77,9,214
78,9,241
79,9,250
80,9,254
81,9,255
82,9,255
83,9,255
84,9,255
85,9,255
86,9,255
87,9,255
88,9,255
89,9,255
90,9,255
91,9,255
92,9,255
93,9,255
94,9,255
95,9,255
96,9,255
97,9,255
98,9,255
0,10,255
1,10,255
2,10,255
3,10,255
4,10,255
5,10,255
6,10,255
7,10,255
8,10,255
9,10,255
10,10,255
11,10,255
12,10,255
13,10,255
14,10,255
15,10,255
16,10,255
17,10,255
18,10,255
19,10,255
20,10,255
21,10,255
22,10,255
23,10,255
24,10,255
25,10,254
26,10,254
27,10,255
28,10,255
29,10,255
30,10,254
31,10,254
32,10,254
33,10,254
34,10,254
35,10,254
36,10,253
37,10,253
38,10,253
39,10,253
40,10,253
41,10,253
42,10,253
43,10,253
44,10,254
45,10,253
46,10,252
47,10,253
48,10,254
49,10,254
50,10,253
51,10,254
52,10,252
53,10,252
54,10,248
55,10,246
56,10,229
57,10,147
58,10,118
59,10,114
60,10,121
61,10,123
62,10,121
63,10,128
64,10,137
65,10,143
66,10,128
67,10,131
68,10,133
69,10,123
70,10,132
71,10,120
72,10,136
73,10,122
74,10,128
75,10,112
76,10,126
77,10,190
78,10,241
79,10,249
80,10,254
81,10,255
82,10,255
83,10,255
84,10,255
85,10,255
86,10,255
87,10,255
88,10,255
89,10,255
90,10,255
91,10,255
92,10,255
93,10,255
94,10,255
95,10,255
96,10,255
97,10,255
98,10,255
0,11,255
1,11,255
2,11,255
3,11,255
4,11,255
5,11,255
6,11,255
7,11,255
8,11,255
9,11,255
10,11,255
11,11,255
12,11,255
13,11,255
14,11,255
15,11,255
16,11,255
17,11,255
18,11,255
19,11,255
20,11,255
21,11,255
22,11,255
23,11,255
24,11,255
25,11,254
26,11,254
27,11,255
28,11,255
29,11,255
30,11,255
31,11,255
32,11,254
33,11,254
34,11,253
35,11,254
36,11,253
37,11,254
38,11,253
39,11,253
40,11,253
41,11,254
42,11,250
43,11,252
44,11,247
45,11,239
46,11,244
47,11,252
48,11,252
49,11,254
50,11,254
51,11,253
52,11,249
53,11,245
54,11,226
55,11,175
56,11,116
57,11,108
58,11,115
59,11,125
60,11,126
61,11,125
62,11,126
63,11,133
64,11,139
65,11,136
66,11,129
67,11,135
68,11,137
69,11,128
70,11,126
71,11,131
72,11,125
73,11,129
74,11,127
75,11,141
76,11,190
77,11,242
78,11,253
79,11,249
80,11,254
81,11,255
82,11,255
83,11,255
84,11,255
85,11,255
86,11,255
87,11,255
88,11,255
89,11,255
90,11,255
91,11,255
92,11,255
93,11,255
94,11,255
95,11,255
96,11,255
97,11,255
98,11,255
0,12,255
1,12,255
2,12,255
3,12,255
4,12,255
5,12,255
6,12,255
7,12,255
8,12,255
9,12,255
10,12,255
11,12,255
12,12,255
13,12,255
14,12,255
15,12,255
16,12,255
17,12,255
18,12,255
19,12,255
20,12,255
21,12,255
22,12,255
23,12,255
24,12,255
25,12,255
26,12,255
27,12,255
28,12,255
29,12,255
30,12,253
31,12,253
32,12,254
33,12,254
34,12,254
35,12,253
36,12,253
37,12,254
38,12,252
39,12,250
40,12,250
41,12,250
42,12,252
43,12,241
44,12,179
45,12,153
46,12,200
47,12,248
48,12,251
49,12,247
50,12,250
51,12,243
52,12,244
53,12,196
54,12,125
55,12,111
56,12,121
57,12,117
58,12,127
59,12,131
60,12,123
61,12,131
62,12,133
63,12,134
64,12,130
65,12,129
66,12,131
67,12,141
68,12,141
69,12,138
70,12,128
71,12,122
72,12,121
73,12,128
74,12,152
75,12,200
76,12,242
77,12,250
78,12,252
79,12,251
80,12,254
81,12,255
82,12,255
83,12,255
84,12,255
85,12,255
86,12,255
87,12,255
88,12,255
89,12,255
90,12,255
91,12,255
92,12,255
93,12,255
94,12,255
95,12,255
96,12,255
97,12,255
98,12,255
0,13,255
1,13,255
2,13,255
3,13,255
4,13,255
5,13,255
6,13,255
7,13,255
8,13,255
9,13,255
10,13,255
11,13,255
12,13,255
13,13,255
14,13,255
15,13,255
16,13,255
17,13,255
18,13,255
19,13,255
20,13,255
21,13,255
22,13,255
23,13,255
24,13,255
25,13,255
26,13,255
27,13,255
28,13,255
29,13,255
30,13,254
31,13,254
32,13,254
33,13,254
34,13,254
35,13,253
36,13,250
37,13,251
38,13,252
39,13,252
40,13,251
41,13,252
42,13,251
43,13,241
44,13,112
45,13,70
46,13,152
47,13,243
48,13,252
49,13,249
50,13,250
51,13,238
52,13,177
53,13,117
54,13,96
55,13,107
56,13,119
57,13,116
58,13,122
59,13,128
60,13,123
61,13,129
62,13,133
63,13,138
64,13,126
65,13,135
66,13,137
67,13,129
68,13,130
69,13,133
70,13,129
71,13,134
72,13,144
73,13,181
74,13,231
75,13,246
76,13,251
77,13,251
78,13,253
79,13,252
80,13,254
81,13,255
82,13,255
83,13,255
84,13,255
85,13,255
86,13,255
87,13,255
88,13,255
89,13,255
90,13,255
91,13,255
92,13,255
93,13,255
94,13,255
95,13,255
96,13,255
97,13,255
98,13,255
0,14,255
1,14,255
2,14,255
3,14,255
4,14,255
5,14,255
6,14,255
7,14,255
8,14,255
9,14,255
10,14,255
11,14,255
12,14,255
13,14,255
14,14,255
15,14,255
16,14,255
17,14,255
18,14,255
19,14,255
20,14,255
21,14,255
22,14,255
23,14,255
24,14,255
25,14,255
26,14,255
27,14,255
28,14,255
29,14,255
30,14,254
31,14,253
32,14,252
33,14,252
34,14,251
35,14,250
36,14,249
37,14,247
38,14,242
39,14,236
40,14,228
41,14,223
42,14,226
43,14,214
44,14,147
45,14,61
46,14,119
47,14,224
48,14,224
49,14,228
50,14,209
51,14,142
52,14,99
53,14,98
54,14,100
55,14,113
56,14,113
57,14,109
58,14,123
59,14,116
60,14,116
61,14,134
62,14,134
63,14,134
64,14,139
65,14,136
66,14,136
67,14,123
68,14,120
69,14,127
70,14,156
71,14,187
72,14,222
73,14,244
74,14,241
75,14,252
76,14,253
77,14,253
78,14,254
79,14,253
80,14,254
81,14,255
82,14,255
83,14,255
84,14,255
85,14,255
86,14,255
87,14,255
88,14,255
89,14,255
90,14,255
91,14,255
92,14,255
93,14,255
94,14,255
95,14,255
96,14,255
97,14,255
98,14,255
0,15,255
1,15,255
2,15,255
3,15,255
4,15,255
5,15,255
6,15,255
7,15,255
8,15,255
9,15,255
10,15,255
11,15,255
12,15,255
13,15,255
14,15,255
15,15,255
16,15,255
17,15,255
18,15,255
19,15,255
20,15,255
21,15,255
22,15,255
23,15,255
24,15,255
25,15,255
26,15,255
27,15,255
28,15,255
29,15,254
30,15,253
31,15,252
32,15,250
33,15,247
34,15,237
35,15,226
36,15,216
37,15,210
38,15,203
39,15,200
40,15,194
41,15,189
42,15,191
43,15,179
44,15,174
45,15,69
46,15,96
47,15,166
48,15,178
49,15,173
50,15,117
51,15,88
52,15,104
53,15,99
54,15,102
55,15,99
56,15,103
57,15,105
58,15,115
59,15,120
60,15,134
61,15,143
62,15,129
63,15,119
64,15,115
65,15,112
66,15,120
67,15,144
68,15,190
69,15,212
70,15,241
71,15,249
72,15,247
73,15,252
74,15,254
75,15,252
76,15,252
77,15,253
78,15,253
79,15,253
80,15,254
81,15,255
82,15,255
83,15,255
84,15,255
85,15,255
86,15,255
87,15,255
88,15,255
89,15,255
90,15,255
91,15,255
92,15,255
93,15,255
94,15,255
95,15,255
96,15,255
97,15,255
98,15,255
0,16,255
1,16,255
2,16,255
3,16,255
4,16,255
5,16,255
6,16,255
7,16,255
8,16,255
9,16,255
10,16,255
11,16,255
12,16,255
13,16,255
14,16,255
15,16,255
16,16,255
17,16,255
18,16,255
19,16,255
20,16,255
21,16,255
22,16,255
23,16,255
24,16,255
25,16,255
26,16,255
27,16,255
28,16,255
29,16,254
30,16,252
31,16,245
32,16,232
33,16,222
34,16,211
35,16,202
36,16,190
37,16,183
38,16,176
39,16,174
40,16,171
41,16,170
42,16,170
43,16,164
44,16,162
45,16,89
46,16,83
47,16,147
48,16,140
49,16,111
50,16,87
51,16,96
52,16,102
53,16,102
54,16,105
55,16,104
56,16,110
57,16,114
58,16,128
59,16,136
60,16,133
61,16,120
62,16,121
63,16,147
64,16,179
65,16,196
66,16,226
67,16,246
68,16,249
69,16,248
70,16,252
71,16,252
72,16,251
73,16,252
74,16,249
75,16,251
76,16,251
77,16,253
78,16,254
79,16,252
80,16,254
81,16,255
82,16,255
83,16,255
84,16,255
85,16,255
86,16,255
87,16,255
88,16,255
89,16,255
90,16,255
91,16,255
92,16,255
93,16,255
94,16,255
95,16,255
96,16,255
97,16,255
98,16,255
0,17,255
1,17,255
2,17,255
3,17,255
4,17,255
5,17,255
6,17,255
7,17,255
8,17,255
9,17,255
10,17,255
11,17,255
12,17,255
13,17,255
14,17,255
15,17,255
16,17,255
17,17,255
18,17,255
19,17,255
20,17,253
21,17,253
22,17,253
23,17,250
24,17,253
25,17,253
26,17,255
27,17,251
28,17,252
29,17,246
30,17,226
31,17,215
32,17,214
33,17,215
34,17,211
35,17,209
36,17,201
37,17,191
38,17,181
39,17,165
40,17,157
41,17,159
42,17,161
43,17,157
44,17,153
45,17,101
46,17,77
47,17,144
48,17,105
49,17,87
50,17,90
51,17,97
52,17,105
53,17,107
54,17,113
55,17,128
56,17,134
57,17,141
58,17,140
59,17,141
60,17,168
61,17,202
62,17,227
63,17,242
64,17,247
65,17,249
66,17,251
67,17,254
68,17,252
69,17,252
70,17,253
71,17,252
72,17,253
73,17,253
74,17,253
75,17,253
76,17,254
77,17,254
78,17,254
79,17,252
80,17,254
81,17,255
82,17,255
83,17,255
84,17,255
85,17,255
86,17,255
87,17,255
88,17,255
89,17,255
90,17,255
91,17,255
92,17,255
93,17,255
94,17,255
95,17,255
96,17,255
97,17,255
98,17,255
0,18,255
1,18,255
2,18,255
3,18,255
4,18,255
5,18,255
6,18,255
7,18,255
8,18,255
9,18,255
10,18,255
11,18,255
12,18,255
13,18,255
14,18,255
15,18,255
16,18,255
17,18,255
18,18,255
19,18,254
20,18,252
21,18,253
22,18,254
23,18,254
24,18,253
25,18,254
26,18,251
27,18,249
28,18,232
29,18,210
30,18,206
31,18,208
32,18,212
33,18,218
34,18,217
35,18,218
36,18,217
37,18,209
38,18,196
39,18,172
40,18,148
41,18,140
42,18,145
43,18,148
44,18,148
45,18,114
46,18,78
47,18,130
48,18,97
49,18,89
50,18,94
51,18,99
52,18,105
53,18,119
54,18,133
55,18,138
56,18,137
57,18,130
58,18,128
59,18,144
60,18,160
61,18,181
62,18,208
63,18,226
64,18,244
65,18,251
66,18,253
67,18,253
68,18,253
69,18,253
70,18,254
71,18,253
72,18,253
73,18,254
74,18,253
75,18,253
76,18,254
77,18,254
78,18,254
79,18,253
80,18,254
81,18,255
82,18,255
83,18,255
84,18,255
85,18,255
86,18,255
87,18,255
88,18,255
89,18,255
90,18,255
91,18,255
92,18,255
93,18,255
94,18,255
95,18,255
96,18,255
97,18,255
98,18,255
0,19,255
1,19,255
2,19,255
3,19,255
4,19,255
5,19,255
6,19,255
7,19,255
8,19,255
9,19,255
10,19,255
11,19,255
12,19,255
13,19,255
14,19,255
15,19,255
16,19,255
17,19,255
18,19,255
19,19,254
20,19,253
21,19,253
22,19,255
23,19,252
24,19,252
25,19,251
26,19,248
27,19,228
28,19,203
29,19,196
30,19,200
31,19,207
32,19,217
33,19,225
34,19,227
35,19,229
36,19,226
37,19,226
38,19,221
39,19,192
40,19,149
41,19,126
42,19,127
43,19,135
44,19,129
45,19,106
46,19,81
47,19,118
48,19,96
49,19,88
50,19,89
51,19,104
52,19,121
53,19,132
54,19,125
55,19,99
56,19,85
57,19,85
58,19,100
59,19,139
60,19,144
61,19,131
62,19,157
63,19,192
64,19,216
65,19,239
66,19,252
67,19,254
68,19,253
69,19,253
70,19,254
71,19,253
72,19,253
73,19,254
74,19,254
75,19,254
76,19,254
77,19,253
78,19,254
79,19,254
80,19,254
81,19,255
82,19,255
83,19,255
84,19,255
85,19,255
86,19,255
87,19,255
88,19,255
89,19,255
90,19,255
91,19,255
92,19,255
93,19,255
94,19,255
95,19,255
96,19,255
97,19,255
98,19,255
0,20,255
1,20,255
2,20,255
3,20,255
4,20,255
5,20,255
6,20,255
7,20,255
8,20,255
9,20,255
10,20,255
11,20,255
12,20,255
13,20,255
14,20,255
15,20,255
16,20,255
17,20,255
18,20,255
19,20,253
20,20,254
21,20,254
22,20,252
23,20,252
24,20,252
25,20,248
26,20,225
27,20,201
28,20,196
29,20,197
30,20,199
31,20,208
32,20,219
33,20,225
34,20,226
35,20,226
36,20,232
37,20,235
38,20,234
39,20,217
40,20,185
41,20,153
42,20,120
43,20,114
44,20,122
45,20,99
46,20,69
47,20,102
48,20,79
49,20,83
50,20,104
51,20,112
52,20,104
53,20,85
54,20,78
55,20,88
56,20,99
57,20,111
58,20,137
59,20,174
60,20,204
61,20,199
62,20,190
63,20,192
64,20,196
65,20,210
66,20,235
67,20,250
68,20,253
69,20,254
70,20,254
71,20,254
72,20,253
73,20,254
74,20,254
75,20,254
76,20,253
77,20,253
78,20,253
79,20,254
80,20,254
81,20,255
82,20,255
83,20,255
84,20,255
85,20,255
86,20,255
87,20,255
88,20,255
89,20,255
90,20,255
91,20,255
92,20,255
93,20,255
94,20,255
95,20,255
96,20,255
97,20,255
98,20,255
0,21,255
1,21,255
2,21,255
3,21,255
4,21,255
5,21,255
6,21,255
7,21,255
8,21,255
9,21,255
10,21,255
11,21,255
12,21,255
13,21,255
14,21,255
15,21,255
16,21,255
17,21,255
18,21,255
19,21,253
20,21,254
21,21,253
22,21,253
23,21,253
24,21,247
25,21,227
26,21,196
27,21,193
28,21,194
29,21,186
30,21,190
31,21,203
32,21,217
33,21,223
34,21,227
35,21,226
36,21,224
37,21,225
38,21,228
39,21,233
40,21,233
41,21,222
42,21,207
43,21,184
44,21,164
45,21,123
46,21,110
47,21,116
48,21,113
49,21,119
50,21,120
51,21,122
52,21,126
53,21,134
54,21,139
55,21,152
56,21,161
57,21,167
58,21,173
59,21,187
60,21,208
61,21,222
62,21,219
63,21,207
64,21,199
65,21,196
66,21,213
67,21,234
68,21,249
69,21,254
70,21,255
71,21,254
72,21,254
73,21,255
74,21,255
75,21,254
76,21,253
77,21,253
78,21,253
79,21,254
80,21,255
81,21,255
82,21,255
83,21,255
84,21,255
85,21,255
86,21,255
87,21,255
88,21,255
89,21,255
90,21,255
91,21,255
92,21,255
93,21,255
94,21,255
95,21,255
96,21,255
97,21,255
98,21,255
0,22,255
1,22,255
2,22,255
3,22,255
4,22,255
5,22,255
6,22,255
7,22,255
8,22,255
9,22,255
10,22,255
11,22,255
12,22,255
13,22,255
14,22,254
15,22,255
16,22,255
17,22,254
18,22,255
19,22,255
20,22,253
21,22,252
22,22,252
23,22,250
24,22,231
25,22,194
26,22,195
27,22,188
28,22,181
29,22,182
30,22,191
31,22,207
32,22,216
33,22,215
34,22,213
35,22,208
36,22,207
37,22,209
38,22,210
39,22,219
40,22,225
41,22,222
42,22,230
43,22,227
44,22,234
45,22,224
46,22,225
47,22,240
48,22,238
49,22,238
50,22,232
51,22,234
52,22,235
53,22,232
54,22,221
55,22,210
56,22,209
57,22,202
58,22,196
59,22,199
60,22,193
61,22,207
62,22,224
63,22,216
64,22,201
65,22,198
66,22,204
67,22,218
68,22,242
69,22,252
70,22,254
71,22,254
72,22,254
73,22,254
74,22,254
75,22,254
76,22,253
77,22,253
78,22,253
79,22,254
80,22,254
81,22,255
82,22,255
83,22,255
84,22,255
85,22,255
86,22,255
87,22,255
88,22,255
89,22,255
90,22,255
91,22,255
92,22,255
93,22,255
94,22,255
95,22,255
96,22,255
97,22,255
98,22,255
0,23,255
1,23,255
2,23,255
3,23,255
4,23,255
5,23,255
6,23,255
7,23,255
8,23,255
9,23,255
10,23,255
11,23,255
12,23,255
13,23,255
14,23,254
15,23,255
16,23,255
17,23,254
18,23,255
19,23,254
20,23,252
21,23,253
22,23,250
23,23,241
24,23,206
25,23,190
26,23,187
27,23,180
28,23,182
29,23,190
30,23,196
31,23,201
32,23,203
33,23,199
34,23,195
35,23,195
36,23,196
37,23,196
38,23,198
39,23,198
40,23,203
41,23,209
42,23,209
43,23,209
44,23,211
45,23,216
46,23,221
47,23,220
48,23,220
49,23,221
50,23,223
51,23,221
52,23,220
53,23,224
54,23,222
55,23,220
56,23,222
57,23,217
58,23,214
59,23,212
60,23,205
61,23,200
62,23,206
63,23,213
64,23,206
65,23,199
66,23,198
67,23,205
68,23,225
69,23,248
70,23,253
71,23,254
72,23,254
73,23,253
74,23,252
75,23,254
76,23,254
77,23,254
78,23,254
79,23,254
80,23,254
81,23,255
82,23,255
83,23,255
84,23,255
85,23,255
86,23,255
87,23,255
88,23,255
89,23,255
90,23,255
91,23,255
92,23,255
93,23,255
94,23,255
95,23,255
96,23,255
97,23,255
98,23,255
0,24,255
1,24,255
2,24,255
3,24,255
4,24,255
5,24,255
6,24,255
7,24,255
8,24,255
9,24,255
10,24,255
11,24,255
12,24,255
13,24,255
14,24,254
15,24,255
16,24,255
17,24,254
18,24,255
19,24,252
20,24,254
21,24,251
22,24,249
23,24,216
24,24,185
25,24,183
26,24,182
27,24,183
28,24,190
29,24,197
30,24,197
31,24,197
32,24,196
33,24,196
34,24,194
35,24,195
36,24,195
37,24,191
38,24,190
39,24,188
40,24,189
41,24,192
42,24,191
43,24,194
44,24,197
45,24,200
46,24,202
47,24,208
48,24,201
49,24,201
50,24,209
51,24,211
52,24,210
53,24,212
54,24,213
55,24,212
56,24,215
57,24,216
58,24,213
59,24,212
60,24,209
61,24,205
62,24,205
63,24,207
64,24,207
65,24,202
66,24,199
67,24,200
68,24,210
69,24,238
70,24,250
71,24,253
72,24,251
73,24,254
74,24,254
75,24,254
76,24,254
77,24,254
78,24,254
79,24,254
80,24,254
81,24,255
82,24,255
83,24,255
84,24,255
85,24,255
86,24,255
87,24,255
88,24,255
89,24,255
90,24,255
91,24,255
92,24,255
93,24,255
94,24,255
95,24,255
96,24,255
97,24,255
98,24,255
0,25,255
1,25,255
2,25,255
3,25,255
4,25,255
5,25,255
6,25,255
7,25,255
8,25,255
9,25,255
10,25,255
11,25,255
12,25,255
13,25,255
14,25,255
15,25,255
16,25,255
17,25,254
18,25,255
19,25,254
20,25,252
21,25,250
22,25,232
23,25,193
24,25,181
25,25,176
26,25,185
27,25,192
28,25,194
29,25,194
30,25,198
31,25,203
32,25,199
33,25,199
34,25,201
35,25,201
36,25,198
37,25,190
38,25,186
39,25,184
40,25,182
41,25,184
42,25,184
43,25,188
44,25,190
45,25,190
46,25,188
47,25,192
48,25,191
49,25,192
50,25,198
51,25,202
52,25,202
53,25,204
54,25,207
55,25,205
56,25,206
57,25,210
58,25,207
59,25,206
60,25,206
61,25,206
62,25,204
63,25,204
64,25,208
65,25,207
66,25,204
67,25,201
68,25,202
69,25,218
70,25,243
71,25,251
72,25,252
73,25,253
74,25,254
75,25,254
76,25,254
77,25,254
78,25,254
79,25,254
80,25,254
81,25,255
82,25,255
83,25,255
84,25,255
85,25,255
86,25,255
87,25,255
88,25,255
89,25,255
90,25,255
91,25,255
92,25,255
93,25,255
94,25,255
95,25,255
96,25,255
97,25,255
98,25,255
0,26,255
1,26,255
2,26,255
3,26,255
4,26,255
5,26,255
6,26,255
7,26,255
8,26,255
9,26,255
10,26,255
11,26,255
12,26,255
13,26,255
14,26,255
15,26,255
16,26,255
17,26,255
18,26,255
19,26,255
20,26,249
21,26,248
22,26,210
23,26,180
24,26,177
25,26,179
26,26,190
27,26,194
28,26,195
29,26,202
30,26,209
31,26,211
32,26,208
33,26,208
34,26,207
35,26,204
36,26,201
37,26,190
38,26,185
39,26,184
40,26,183
41,26,184
42,26,185
43,26,187
44,26,186
45,26,185
46,26,182
47,26,184
48,26,189
49,26,193
50,26,193
51,26,196
52,26,197
53,26,193
54,26,198
55,26,199
56,26,199
57,26,204
58,26,207
59,26,206
60,26,205
61,26,204
62,26,202
63,26,201
64,26,207
65,26,209
66,26,207
67,26,204
68,26,198
69,26,202
70,26,228
71,26,248
72,26,253
73,26,253
74,26,254
75,26,254
76,26,254
77,26,254
78,26,254
79,26,254
80,26,254
81,26,255
82,26,255
83,26,255
84,26,255
85,26,255
86,26,255
87,26,255
88,26,255
89,26,255
90,26,255
91,26,255
92,26,255
93,26,255
94,26,255
95,26,255
96,26,255
97,26,255
98,26,255
0,27,255
1,27,255
2,27,255
3,27,255
4,27,255
5,27,255
6,27,255
7,27,255
8,27,255
9,27,255
10,27,255
11,27,255
12,27,255
13,27,255
14,27,255
15,27,255
16,27,255
17,27,255
18,27,255
19,27,253
20,27,253
21,27,235
22,27,196
23,27,178
24,27,176
25,27,181
26,27,188
27,27,190
28,27,196
29,27,208
30,27,215
31,27,220
32,27,226
33,27,228
34,27,221
35,27,211
36,27,208
37,27,196
38,27,191
39,27,190
40,27,188
41,27,187
42,27,187
43,27,185
44,27,184
45,27,183
46,27,183
47,27,185
48,27,188
49,27,190
50,27,192
51,27,193
52,27,193
53,27,191
54,27,195
55,27,199
56,27,195
57,27,198
58,27,198
59,27,202
60,27,206
61,27,206
62,27,204
63,27,203
64,27,206
65,27,210
66,27,208
67,27,205
68,27,197
69,27,195
70,27,213
71,27,243
72,27,252
73,27,251
74,27,254
75,27,254
76,27,254
77,27,254
78,27,254
79,27,253
80,27,254
81,27,255
82,27,255
83,27,255
84,27,255
85,27,255
86,27,255
87,27,255
88,27,255
89,27,255
90,27,255
91,27,255
92,27,255
93,27,255
94,27,255
95,27,255
96,27,255
97,27,255
98,27,255
0,28,255
1,28,255
2,28,255
3,28,255
4,28,255
5,28,255
6,28,255
7,28,255
8,28,255
9,28,255
10,28,255
11,28,255
12,28,255
13,28,255
14,28,254
15,28,254
16,28,254
17,28,254
18,28,254
19,28,253
20,28,252
21,28,224
22,28,188
23,28,175
24,28,178
25,28,183
26,28,188
27,28,194
28,28,202
29,28,211
30,28,217
31,28,224
32,28,234
33,28,238
34,28,232
35,28,222
36,28,215
37,28,202
38,28,196
39,28,192
40,28,190
41,28,187
42,28,186
43,28,185
44,28,183
45,28,182
46,28,186
47,28,185
48,28,186
49,28,190
50,28,191
51,28,192
52,28,193
53,28,191
54,28,197
55,28,199
56,28,197
57,28,196
58,28,196
59,28,201
60,28,207
61,28,208
62,28,205
63,28,205
64,28,208
65,28,206
66,28,206
67,28,206
68,28,200
69,28,193
70,28,203
71,28,232
72,28,251
73,28,251
74,28,254
75,28,253
76,28,254
77,28,254
78,28,254
79,28,254
80,28,254
81,28,255
82,28,255
83,28,255
84,28,255
85,28,255
86,28,255
87,28,255
88,28,255
89,28,255
90,28,255
91,28,255
92,28,255
93,28,255
94,28,255
95,28,255
96,28,255
97,28,255
98,28,255
0,29,255
1,29,255
2,29,255
3,29,255
4,29,255
5,29,255
6,29,255
7,29,255
8,29,255
9,29,255
10,29,255
11,29,255
12,29,255
13,29,255
14,29,254
15,29,254
16,29,254
17,29,254
18,29,254
19,29,254
20,29,250
21,29,215
22,29,185
23,29,170
24,29,179
25,29,183
26,29,188
27,29,196
28,29,203
29,29,210
30,29,216
31,29,224
32,29,234
33,29,241
34,29,241
35,29,238
36,29,224
37,29,207
38,29,198
39,29,191
40,29,190
41,29,188
42,29,187
43,29,184
44,29,184
45,29,183
46,29,184
47,29,187
48,29,188
49,29,192
50,29,191
51,29,192
52,29,195
53,29,191
54,29,195
55,29,197
56,29,199
57,29,198
58,29,196
59,29,200
60,29,205
61,29,208
62,29,207
63,29,207
64,29,209
65,29,204
66,29,204
67,29,205
68,29,201
69,29,194
70,29,198
71,29,220
72,29,246
73,29,252
74,29,254
75,29,253
76,29,254
77,29,254
78,29,254
79,29,254
80,29,255
81,29,255
82,29,255
83,29,255
84,29,255
85,29,255
86,29,255
87,29,255
88,29,255
89,29,255
90,29,255
91,29,255
92,29,255
93,29,255
94,29,255
95,29,255
96,29,255
97,29,255
98,29,255
0,30,255
1,30,255
2,30,255
3,30,255
4,30,255
5,30,255
6,30,255
7,30,255
8,30,255
9,30,255
10,30,255
11,30,255
12,30,255
13,30,255
14,30,254
15,30,254
16,30,254
17,30,254
18,30,254
19,30,254
20,30,246
21,30,199
22,30,179
23,30,169
24,30,177
25,30,176
26,30,184
27,30,194
28,30,204
29,30,211
30,30,216
31,30,224
32,30,234
33,30,241
34,30,243
35,30,243
36,30,233
37,30,214
38,30,203
39,30,195
40,30,193
41,30,192
42,30,191
43,30,187
44,30,187
45,30,186
46,30,187
47,30,187
48,30,187
49,30,189
50,30,190
51,30,192
52,30,195
53,30,192
54,30,192
55,30,194
56,30,199
57,30,200
58,30,199
59,30,201
60,30,204
61,30,206
62,30,205
63,30,205
64,30,207
65,30,204
66,30,202
67,30,201
68,30,200
69,30,198
70,30,194
71,30,205
72,30,234
73,30,252
74,30,254
75,30,253
76,30,254
77,30,254
78,30,254
79,30,255
80,30,255
81,30,255
82,30,255
83,30,255
84,30,255
85,30,255
86,30,255
87,30,255
88,30,255
89,30,255
90,30,255
91,30,255
92,30,255
93,30,255
94,30,255
95,30,255
96,30,255
97,30,255
98,30,255
0,31,255
1,31,255
2,31,255
3,31,255
4,31,255
5,31,255
6,31,255
7,31,255
8,31,255
9,31,255
10,31,255
11,31,255
12,31,255
13,31,255
14,31,254
15,31,254
16,31,254
17,31,254
18,31,254
19,31,252
20,31,242
21,31,187
22,31,169
23,31,171
24,31,172
25,31,173
26,31,182
27,31,194
28,31,204
29,31,212
30,31,217
31,31,223
32,31,233
33,31,238
34,31,239
35,31,237
36,31,232
37,31,214
38,31,205
39,31,198
40,31,195
41,31,188
42,31,187
43,31,186
44,31,184
45,31,181
46,31,187
47,31,186
48,31,186
49,31,186
50,31,188
51,31,191
52,31,192
53,31,190
54,31,190
55,31,194
56,31,199
57,31,199
58,31,200
59,31,201
60,31,201
61,31,204
62,31,206
63,31,207
64,31,206
65,31,203
66,31,200
67,31,198
68,31,199
69,31,199
70,31,192
71,31,197
72,31,222
73,31,251
74,31,253
75,31,253
76,31,254
77,31,254
78,31,254
79,31,255
80,31,255
81,31,255
82,31,255
83,31,255
84,31,255
85,31,255
86,31,255
87,31,255
88,31,255
89,31,255
90,31,255
91,31,255
92,31,255
93,31,255
94,31,255
95,31,255
96,31,255
97,31,255
98,31,255
0,32,255
1,32,255
2,32,255
3,32,255
4,32,255
5,32,255
6,32,255
7,32,255
8,32,255
9,32,255
10,32,255
11,32,255
12,32,255
13,32,255
14,32,254
15,32,254
16,32,254
17,32,254
18,32,254
19,32,251
20,32,227
21,32,180
22,32,164
23,32,171
24,32,169
25,32,178
26,32,185
27,32,194
28,32,202
29,32,209
30,32,213
31,32,219
32,32,228
33,32,230
34,32,229
35,32,227
36,32,220
37,32,204
38,32,198
39,32,195
40,32,194
41,32,186
42,32,183
43,32,184
44,32,181
45,32,178
46,32,185
47,32,182
48,32,184
49,32,184
50,32,189
51,32,192
52,32,190
53,32,188
54,32,190
55,32,193
56,32,197
57,32,198
58,32,197
59,32,196
60,32,198
61,32,202
62,32,208
63,32,210
64,32,205
65,32,202
66,32,198
67,32,198
68,32,199
69,32,199
70,32,192
71,32,194
72,32,209
73,32,247
74,32,252
75,32,253
76,32,254
77,32,254
78,32,254
79,32,255
80,32,255
81,32,255
82,32,255
83,32,255
84,32,255
85,32,255
86,32,255
87,32,255
88,32,255
89,32,255
90,32,255
91,32,255
92,32,255
93,32,255
94,32,255
95,32,255
96,32,255
97,32,255
98,32,255
0,33,255
1,33,255
2,33,255
3,33,255
4,33,255
5,33,255
6,33,255
7,33,255
8,33,255
9,33,255
10,33,255
11,33,255
12,33,255
13,33,255
14,33,254
15,33,254
16,33,254
17,33,254
18,33,254
19,33,250
20,33,209
21,33,176
22,33,164
23,33,166
24,33,170
25,33,176
26,33,181
27,33,189
28,33,196
29,33,204
30,33,210
31,33,216
32,33,220
33,33,219
34,33,215
35,33,216
36,33,213
37,33,195
38,33,191
39,33,192
40,33,196
41,33,189
42,33,182
43,33,180
44,33,178
45,33,176
46,33,179
47,33,177
48,33,181
49,33,182
50,33,188
51,33,191
52,33,188
53,33,187
54,33,189
55,33,189
56,33,193
57,33,198
58,33,198
59,33,196
60,33,195
61,33,198
62,33,204
63,33,207
64,33,202
65,33,197
66,33,195
67,33,195
68,33,195
69,33,199
70,33,192
71,33,192
72,33,198
73,33,243
74,33,252
75,33,254
76,33,254
77,33,254
78,33,254
79,33,254
80,33,255
81,33,255
82,33,255
83,33,255
84,33,255
85,33,255
86,33,255
87,33,255
88,33,255
89,33,255
90,33,255
91,33,255
92,33,255
93,33,255
94,33,255
95,33,255
96,33,255
97,33,255
98,33,255
0,34,255
1,34,255
2,34,255
3,34,255
4,34,255
5,34,255
6,34,255
7,34,255
8,34,255
9,34,255
10,34,255
11,34,255
12,34,255
13,34,255
14,34,254
15,34,255
16,34,253
17,34,254
18,34,253
19,34,248
20,34,201
21,34,169
22,34,162
23,34,165
24,34,166
25,34,175
26,34,177
27,34,186
28,34,192
29,34,198
30,34,207
31,34,212
32,34,215
33,34,215
34,34,217
35,34,213
36,34,205
37,34,194
38,34,192
39,34,195
40,34,190
41,34,184
42,34,179
43,34,180
44,34,177
45,34,175
46,34,179
47,34,180
48,34,183
49,34,181
50,34,179
51,34,183
52,34,189
53,34,187
54,34,187
55,34,192
56,34,188
57,34,191
58,34,199
59,34,190
60,34,191
61,34,195
62,34,200
63,34,205
64,34,201
65,34,195
66,34,194
67,34,192
68,34,196
69,34,195
70,34,190
71,34,180
72,34,201
73,34,234
74,34,252
75,34,254
76,34,254
77,34,254
78,34,254
79,34,254
80,34,254
81,34,255
82,34,255
83,34,255
84,34,255
85,34,255
86,34,255
87,34,255
88,34,255
89,34,255
90,34,255
91,34,255
92,34,255
93,34,255
94,34,255
95,34,255
96,34,255
97,34,255
98,34,255
0,35,255
1,35,255
2,35,255
3,35,255
4,35,255
5,35,255
6,35,255
7,35,255
8,35,255
9,35,255
10,35,255
11,35,255
12,35,255
13,35,255
14,35,254
15,35,255
16,35,253
17,35,254
18,35,253
19,35,243
20,35,190
21,35,163
22,35,162
23,35,167
24,35,166
25,35,169
26,35,175
27,35,184
28,35,189
29,35,192
30,35,197
31,35,202
32,35,206
33,35,210
34,35,211
35,35,207
36,35,199
37,35,190
38,35,187
39,35,188
40,35,185
41,35,182
42,35,177
43,35,176
44,35,175
45,35,175
46,35,176
47,35,178
48,35,181
49,35,180
50,35,179
51,35,181
52,35,184
53,35,183
54,35,182
55,35,187
56,35,186
57,35,190
58,35,194
59,35,187
60,35,187
61,35,192
62,35,197
63,35,201
64,35,197
65,35,192
66,35,192
67,35,191
68,35,191
69,35,190
70,35,188
71,35,180
72,35,196
73,35,229
74,35,251
75,35,254
76,35,254
77,35,254
78,35,254
79,35,254
80,35,254
81,35,255
82,35,255
83,35,255
84,35,255
85,35,255
86,35,255
87,35,255
88,35,255
89,35,255
90,35,255
91,35,255
92,35,255
93,35,255
94,35,255
95,35,255
96,35,255
97,35,255
98,35,255
0,36,255
1,36,255
2,36,255
3,36,255
4,36,255
5,36,255
6,36,255
7,36,255
8,36,255
9,36,255
10,36,255
11,36,255
12,36,255
13,36,255
14,36,254
15,36,255
16,36,253
17,36,254
18,36,253
19,36,240
20,36,183
21,36,160
22,36,163
23,36,165
24,36,162
25,36,166
26,36,172
27,36,179
28,36,184
29,36,187
30,36,190
31,36,194
32,36,200
33,36,205
34,36,205
35,36,199
36,36,189
37,36,183
38,36,180
39,36,178
40,36,178
41,36,179
42,36,175
43,36,173
44,36,174
45,36,173
46,36,172
47,36,174
48,36,177
49,36,178
50,36,179
51,36,180
52,36,182
53,36,182
54,36,178
55,36,181
56,36,183
57,36,186
58,36,188
59,36,183
60,36,184
61,36,189
62,36,194
63,36,194
64,36,191
65,36,188
66,36,189
67,36,189
68,36,187
69,36,184
70,36,185
71,36,181
72,36,191
73,36,223
74,36,251
75,36,254
76,36,254
77,36,254
78,36,254
79,36,254
80,36,254
81,36,255
82,36,255
83,36,255
84,36,255
85,36,255
86,36,255
87,36,255
88,36,255
89,36,255
90,36,255
91,36,255
92,36,255
93,36,255
94,36,255
95,36,255
96,36,255
97,36,255
98,36,255
0,37,255
1,37,255
2,37,255
3,37,255
4,37,255
5,37,255
6,37,255
7,37,255
8,37,255
9,37,255
10,37,255
11,37,255
12,37,255
13,37,255
14,37,254
15,37,254
16,37,253
17,37,254
18,37,253
19,37,239
20,37,178
21,37,156
22,37,162
23,37,164
24,37,161
25,37,166
26,37,170
27,37,172
28,37,177
29,37,183
30,37,187
31,37,188
32,37,192
33,37,198
34,37,196
35,37,190
36,37,183
37,37,179
38,37,177
39,37,176
40,37,175
41,37,177
42,37,173
43,37,171
44,37,171
45,37,172
46,37,170
47,37,170
48,37,171
49,37,174
50,37,179
51,37,181
52,37,181
53,37,181
54,37,178
55,37,178
56,37,179
57,37,183
58,37,183
59,37,182
60,37,181
61,37,186
62,37,189
63,37,188
64,37,187
65,37,184
66,37,185
67,37,187
68,37,184
69,37,180
70,37,182
71,37,181
72,37,187
73,37,219
74,37,250
75,37,254
76,37,253
77,37,254
78,37,254
79,37,254
80,37,254
81,37,255
82,37,255
83,37,255
84,37,255
85,37,255
86,37,255
87,37,255
88,37,255
89,37,255
90,37,255
91,37,255
92,37,255
93,37,255
94,37,255
95,37,255
96,37,255
97,37,255
98,37,255
0,38,255
1,38,255
2,38,255
3,38,255
4,38,255
5,38,255
6,38,255
7,38,255
8,38,255
9,38,255
10,38,255
11,38,255
12,38,255
13,38,255
14,38,254
15,38,254
16,38,253
17,38,254
18,38,253
19,38,238
20,38,174
21,38,151
22,38,159
23,38,162
24,38,161
25,38,164
26,38,168
27,38,168
28,38,172
29,38,178
30,38,181
31,38,180
32,38,182
33,38,189
34,38,187
35,38,181
36,38,179
37,38,175
38,38,176
39,38,176
40,38,174
41,38,173
42,38,172
43,38,169
44,38,169
45,38,168
46,38,167
47,38,167
48,38,166
49,38,169
50,38,176
51,38,178
52,38,177
53,38,178
54,38,178
55,38,175
56,38,176
57,38,180
58,38,179
59,38,180
60,38,179
61,38,183
62,38,184
63,38,181
64,38,183
65,38,179
66,38,180
67,38,184
68,38,181
69,38,179
70,38,180
71,38,181
72,38,185
73,38,217
74,38,250
75,38,254
76,38,253
77,38,254
78,38,254
79,38,253
80,38,254
81,38,255
82,38,255
83,38,255
84,38,255
85,38,255
86,38,255
87,38,255
88,38,255
89,38,255
90,38,255
91,38,255
92,38,255
93,38,255
94,38,255
95,38,255
96,38,255
97,38,255
98,38,255
0,39,255
1,39,255
2,39,255
3,39,255
4,39,255
5,39,255
6,39,255
7,39,255
8,39,255
9,39,255
10,39,255
11,39,255
12,39,255
13,39,255
14,39,254
15,39,255
16,39,253
17,39,254
18,39,253
19,39,238
20,39,174
21,39,150
22,39,157
23,39,160
24,39,158
25,39,161
26,39,167
27,39,167
28,39,170
29,39,174
30,39,177
31,39,177
32,39,179
33,39,183
34,39,180
35,39,177
36,39,174
37,39,172
38,39,172
39,39,172
40,39,170
41,39,168
42,39,169
43,39,169
44,39,168
45,39,165
46,39,165
47,39,166
48,39,167
49,39,169
50,39,173
51,39,175
52,39,175
53,39,176
54,39,177
55,39,174
56,39,174
57,39,179
58,39,178
59,39,178
60,39,176
61,39,179
62,39,179
63,39,177
64,39,180
65,39,176
66,39,177
67,39,183
68,39,180
69,39,179
70,39,180
71,39,179
72,39,186
73,39,218
74,39,250
75,39,254
76,39,254
77,39,254
78,39,253
79,39,254
80,39,254
81,39,255
82,39,255
83,39,255
84,39,255
85,39,255
86,39,255
87,39,255
88,39,255
89,39,255
90,39,255
91,39,255
92,39,255
93,39,255
94,39,255
95,39,255
96,39,255
97,39,255
98,39,255
0,40,255
1,40,255
2,40,255
3,40,255
4,40,255
5,40,255
6,40,255
7,40,255
8,40,255
9,40,255
10,40,255
11,40,255
12,40,255
13,40,255
14,40,254
15,40,255
16,40,254
17,40,253
18,40,253
19,40,237
20,40,171
21,40,151
22,40,155
23,40,157
24,40,154
25,40,157
26,40,167
27,40,167
28,40,170
29,40,170
30,40,173
31,40,173
32,40,176
33,40,175
34,40,173
35,40,172
36,40,170
37,40,172
38,40,168
39,40,167
40,40,166
41,40,163
42,40,165
43,40,166
44,40,166
45,40,164
46,40,166
47,40,167
48,40,169
49,40,170
50,40,172
51,40,173
52,40,174
53,40,174
54,40,172
55,40,172
56,40,173
57,40,175
58,40,178
59,40,175
60,40,174
61,40,176
62,40,176
63,40,176
64,40,179
65,40,175
66,40,175
67,40,180
68,40,177
69,40,177
70,40,180
71,40,175
72,40,187
73,40,222
74,40,251
75,40,254
76,40,255
77,40,254
78,40,253
79,40,254
80,40,255
81,40,255
82,40,255
83,40,255
84,40,255
85,40,255
86,40,255
87,40,255
88,40,255
89,40,255
90,40,255
91,40,255
92,40,255
93,40,255
94,40,255
95,40,255
96,40,255
97,40,255
98,40,255
0,41,255
1,41,255
2,41,255
3,41,255
4,41,255
5,41,255
6,41,255
7,41,255
8,41,255
9,41,255
10,41,255
11,41,255
12,41,255
13,41,255
14,41,254
15,41,255
16,41,254
17,41,254
18,41,253
19,41,242
20,41,170
21,41,150
22,41,152
23,41,152
24,41,153
25,41,155
26,41,165
27,41,166
28,41,168
29,41,167
30,41,170
31,41,170
32,41,172
33,41,174
34,41,174
35,41,170
36,41,167
37,41,167
38,41,163
39,41,163
40,41,163
41,41,162
42,41,162
43,41,162
44,41,162
45,41,163
46,41,167
47,41,167
48,41,168
49,41,170
50,41,170
51,41,170
52,41,171
53,41,170
54,41,169
55,41,169
56,41,171
57,41,173
58,41,174
59,41,173
60,41,172
61,41,174
62,41,174
63,41,174
64,41,176
65,41,173
66,41,172
67,41,177
68,41,176
69,41,175
70,41,180
71,41,176
72,41,185
73,41,226
74,41,252
75,41,254
76,41,255
77,41,254
78,41,253
79,41,254
80,41,255
81,41,255
82,41,255
83,41,255
84,41,255
85,41,255
86,41,255
87,41,255
88,41,255
89,41,255
90,41,255
91,41,255
92,41,255
93,41,255
94,41,255
95,41,255
96,41,255
97,41,255
98,41,255
0,42,255
1,42,255
2,42,255
3,42,255
4,42,255
5,42,255
6,42,255
7,42,255
8,42,255
9,42,255
10,42,255
11,42,255
12,42,255
13,42,255
14,42,255
15,42,254
16,42,254
17,42,254
18,42,254
19,42,248
20,42,177
21,42,152
22,42,152
23,42,149
24,42,152
25,42,154
26,42,163
27,42,163
28,42,166
29,42,164
30,42,168
31,42,170
32,42,169
33,42,171
34,42,169
35,42,165
36,42,164
37,42,162
38,42,159
39,42,158
40,42,158
41,42,160
42,42,159
43,42,160
44,42,163
45,42,163
46,42,166
47,42,163
48,42,165
49,42,166
50,42,168
51,42,168
52,42,169
53,42,170
54,42,169
55,42,169
56,42,170
57,42,171
58,42,171
59,42,171
60,42,172
61,42,172
62,42,173
63,42,173
64,42,174
65,42,172
66,42,171
67,42,174
68,42,174
69,42,171
70,42,177
71,42,174
72,42,182
73,42,229
74,42,251
75,42,254
76,42,255
77,42,254
78,42,253
79,42,254
80,42,255
81,42,255
82,42,255
83,42,255
84,42,255
85,42,255
86,42,255
87,42,255
88,42,255
89,42,255
90,42,255
91,42,255
92,42,255
93,42,255
94,42,255
95,42,255
96,42,255
97,42,255
98,42,255
0,43,255
1,43,255
2,43,255
3,43,255
4,43,255
5,43,255
6,43,255
7,43,255
8,43,255
9,43,255
10,43,255
11,43,255
12,43,255
13,43,255
14,43,254
15,43,254
16,43,253
17,43,253
18,43,254
19,43,250
20,43,190
21,43,151
22,43,151
23,43,146
24,43,148
25,43,154
26,43,160
27,43,160
28,43,163
29,43,160
30,43,164
31,43,166
32,43,167
33,43,168
34,43,167
35,43,166
36,43,162
37,43,158
38,43,157
39,43,156
40,43,155
41,43,158
42,43,157
43,43,159
44,43,164
45,43,163
46,43,163
47,43,164
48,43,164
49,43,165
50,43,166
51,43,165
52,43,165
53,43,167
54,43,166
55,43,166
56,43,166
57,43,166
58,43,168
59,43,170
60,43,171
61,43,170
62,43,170
63,43,170
64,43,172
65,43,171
66,43,169
67,43,171
68,43,172
69,43,170
70,43,174
71,43,172
72,43,181
73,43,234
74,43,251
75,43,254
76,43,255
77,43,254
78,43,253
79,43,254
80,43,255
81,43,255
82,43,255
83,43,255
84,43,255
85,43,255
86,43,255
87,43,255
88,43,255
89,43,255
90,43,255
91,43,255
92,43,255
93,43,255
94,43,255
95,43,255
96,43,255
97,43,255
98,43,255
0,44,255
1,44,255
2,44,255
3,44,255
4,44,255
5,44,255
6,44,255
7,44,255
8,44,255
9,44,255
10,44,255
11,44,255
12,44,255
13,44,255
14,44,253
15,44,254
16,44,253
17,44,253
18,44,255
19,44,252
20,44,205
21,44,152
22,44,152
23,44,148
24,44,147
25,44,154
26,44,159
27,44,157
28,44,161
29,44,159
30,44,161
31,44,163
32,44,165
33,44,165
34,44,164
35,44,165
36,44,160
37,44,157
38,44,158
39,44,156
40,44,155
41,44,157
42,44,155
43,44,156
44,44,161
45,44,161
46,44,162
47,44,163
48,44,163
49,44,165
50,44,166
51,44,167
52,44,166
53,44,164
54,44,164
55,44,165
56,44,165
57,44,166
58,44,166
59,44,169
60,44,170
61,44,167
62,44,167
63,44,168
64,44,169
65,44,169
66,44,166
67,44,169
68,44,170
69,44,170
70,44,173
71,44,171
72,44,182
73,44,239
74,44,250
75,44,254
76,44,255
77,44,254
78,44,253
79,44,254
80,44,255
81,44,255
82,44,255
83,44,255
84,44,255
85,44,255
86,44,255
87,44,255
88,44,255
89,44,255
90,44,255
91,44,255
92,44,255
93,44,255
94,44,255
95,44,255
96,44,255
97,44,255
98,44,255
0,45,255
1,45,255
2,45,255
3,45,255
4,45,255
5,45,255
6,45,255
7,45,255
8,45,255
9,45,255
10,45,255
11,45,255
12,45,255
13,45,255
14,45,253
15,45,254
16,45,253
17,45,253
18,45,254
19,45,253
20,45,238
21,45,155
22,45,153
23,45,152
24,45,148
25,45,152
26,45,156
27,45,157
28,45,157
29,45,161
30,45,164
31,45,164
32,45,162
33,45,160
34,45,162
35,45,161
36,45,155
37,45,160
38,45,161
39,45,157
40,45,155
41,45,156
42,45,155
43,45,157
44,45,158
45,45,160
46,45,160
47,45,159
48,45,161
49,45,162
50,45,161
51,45,163
52,45,165
53,45,164
54,45,164
55,45,166
56,45,166
57,45,166
58,45,163
59,45,167
60,45,167
61,45,166
62,45,166
63,45,166
64,45,166
65,45,170
66,45,169
67,45,168
68,45,169
69,45,169
70,45,171
71,45,163
72,45,193
73,45,242
74,45,252
75,45,254
76,45,255
77,45,254
78,45,254
79,45,254
80,45,255
81,45,255
82,45,255
83,45,255
84,45,255
85,45,255
86,45,255
87,45,255
88,45,255
89,45,255
90,45,255
91,45,255
92,45,255
93,45,255
94,45,255
95,45,255
96,45,255
97,45,255
98,45,255
0,46,255
1,46,255
2,46,255
3,46,255
4,46,255
5,46,255
6,46,255
7,46,255
8,46,255
9,46,255
10,46,255
11,46,255
12,46,255
13,46,255
14,46,254
15,46,254
16,46,253
17,46,254
18,46,254
19,46,254
20,46,247
21,46,171
22,46,151
23,46,151
24,46,148
25,46,152
26,46,154
27,46,155
28,46,156
29,46,158
30,46,160
31,46,158
32,46,157
33,46,159
34,46,163
35,46,160
36,46,155
37,46,158
38,46,158
39,46,156
40,46,154
41,46,155
42,46,158
43,46,157
44,46,157
45,46,157
46,46,157
47,46,160
48,46,160
49,46,160
50,46,159
51,46,160
52,46,160
53,46,158
54,46,159
55,46,162
56,46,165
57,46,164
58,46,162
59,46,164
60,46,163
61,46,163
62,46,165
63,46,164
64,46,165
65,46,168
66,46,167
67,46,166
68,46,168
69,46,167
70,46,168
71,46,164
72,46,203
73,46,247
74,46,251
75,46,255
76,46,255
77,46,255
78,46,255
79,46,254
80,46,255
81,46,255
82,46,255
83,46,255
84,46,255
85,46,255
86,46,255
87,46,255
88,46,255
89,46,255
90,46,255
91,46,255
92,46,255
93,46,255
94,46,255
95,46,255
96,46,255
97,46,255
98,46,255
0,47,255
1,47,255
2,47,255
3,47,255
4,47,255
5,47,255
6,47,255
7,47,255
8,47,255
9,47,255
10,47,255
11,47,255
12,47,255
13,47,255
14,47,254
15,47,254
16,47,254
17,47,254
18,47,254
19,47,254
20,47,252
21,47,194
22,47,149
23,47,149
24,47,150
25,47,152
26,47,151
27,47,152
28,47,154
29,47,155
30,47,156
31,47,156
32,47,155
33,47,159
34,47,160
35,47,156
36,47,154
37,47,154
38,47,155
39,47,155
40,47,153
41,47,153
42,47,156
43,47,154
44,47,154
45,47,155
46,47,157
47,47,159
48,47,157
49,47,157
50,47,158
51,47,158
52,47,156
53,47,156
54,47,157
55,47,160
56,47,163
57,47,163
58,47,165
59,47,164
60,47,162
61,47,163
62,47,165
63,47,163
64,47,162
65,47,165
66,47,163
67,47,162
68,47,164
69,47,165
70,47,162
71,47,168
72,47,215
73,47,250
74,47,250
75,47,255
76,47,255
77,47,255
78,47,255
79,47,254
80,47,255
81,47,255
82,47,255
83,47,255
84,47,255
85,47,255
86,47,255
87,47,255
88,47,255
89,47,255
90,47,255
91,47,255
92,47,255
93,47,255
94,47,255
95,47,255
96,47,255
97,47,255
98,47,255
0,48,255
1,48,255
2,48,255
3,48,255
4,48,255
5,48,255
6,48,255
7,48,255
8,48,255
9,48,255
10,48,255
11,48,255
12,48,255
13,48,255
14,48,254
15,48,254
16,48,254
17,48,254
18,48,254
19,48,254
20,48,253
21,48,217
22,48,153
23,48,148
24,48,152
25,48,152
26,48,151
27,48,152
28,48,153
29,48,153
30,48,154
31,48,154
32,48,154
33,48,157
34,48,156
35,48,154
36,48,150
37,48,151
38,48,152
39,48,154
40,48,154
41,48,154
42,48,154
43,48,152
44,48,152
45,48,153
46,48,155
47,48,157
48,48,155
49,48,155
50,48,157
51,48,157
52,48,156
53,48,159
54,48,159
55,48,161
56,48,162
57,48,161
58,48,165
59,48,164
60,48,160
61,48,163
62,48,164
63,48,161
64,48,161
65,48,165
66,48,161
67,48,160
68,48,164
69,48,164
70,48,158
71,48,177
72,48,228
73,48,252
74,48,251
75,48,254
76,48,255
77,48,255
78,48,255
79,48,254
80,48,255
81,48,255
82,48,255
83,48,255
84,48,255
85,48,255
86,48,255
87,48,255
88,48,255
89,48,255
90,48,255
91,48,255
92,48,255
93,48,255
94,48,255
95,48,255
96,48,255
97,48,255
98,48,255
0,49,255
1,49,255
2,49,255
3,49,255
4,49,255
5,49,255
6,49,255
7,49,255
8,49,255
9,49,255
10,49,255
11,49,255
12,49,255
13,49,255
14,49,254
15,49,254
16,49,254
17,49,254
18,49,254
19,49,254
20,49,254
21,49,238
22,49,169
23,49,148
24,49,149
25,49,150
26,49,151
27,49,151
28,49,150
29,49,152
30,49,154
31,49,153
32,49,153
33,49,153
34,49,151
35,49,153
36,49,148
37,49,150
38,49,151
39,49,150
40,49,151
41,49,152
42,49,152
43,49,152
44,49,152
45,49,152
46,49,152
47,49,155
48,49,155
49,49,155
50,49,154
51,49,155
52,49,156
53,49,158
54,49,158
55,49,159
56,49,159
57,49,158
58,49,160
59,49,162
60,49,160
61,49,160
62,49,160
63,49,158
64,49,159
65,49,164
66,49,160
67,49,159
68,49,165
69,49,163
70,49,156
71,49,195
72,49,243
73,49,252
74,49,253
75,49,254
76,49,255
77,49,255
78,49,255
79,49,254
80,49,255
81,49,255
82,49,255
83,49,255
84,49,255
85,49,255
86,49,255
87,49,255
88,49,255
89,49,255
90,49,255
91,49,255
92,49,255
93,49,255
94,49,255
95,49,255
96,49,255
97,49,255
98,49,255
0,50,255
1,50,255
2,50,255
3,50,255
4,50,255
5,50,255
6,50,255
7,50,255
8,50,255
9,50,255
10,50,255
11,50,255
12,50,255
13,50,255
14,50,253
15,50,254
16,50,254
17,50,253
18,50,254
19,50,253
20,50,253
21,50,249
22,50,184
23,50,150
24,50,144
25,50,148
26,50,150
27,50,150
28,50,148
29,50,150
30,50,154
31,50,154
32,50,154
33,50,149
34,50,144
35,50,148
36,50,148
37,50,150
38,50,150
39,50,146
40,50,147
41,50,148
42,50,148
43,50,150
44,50,152
45,50,152
46,50,152
47,50,155
48,50,157
49,50,155
50,50,152
51,50,152
52,50,154
53,50,154
54,50,153
55,50,156
56,50,156
57,50,155
58,50,157
59,50,161
60,50,160
61,50,158
62,50,158
63,50,157
64,50,156
65,50,161
66,50,158
67,50,156
68,50,163
69,50,161
70,50,158
71,50,212
72,50,252
73,50,251
74,50,254
75,50,254
76,50,254
77,50,254
78,50,254
79,50,253
80,50,254
81,50,255
82,50,255
83,50,255
84,50,255
85,50,255
86,50,255
87,50,255
88,50,255
89,50,255
90,50,255
91,50,255
92,50,255
93,50,255
94,50,255
95,50,255
96,50,255
97,50,255
98,50,255
0,51,255
1,51,255
2,51,255
3,51,255
4,51,255
5,51,255
6,51,255
7,51,255
8,51,255
9,51,255
10,51,255
11,51,255
12,51,255
13,51,255
14,51,253
15,51,254
16,51,253
17,51,253
18,51,254
19,51,253
20,51,254
21,51,251
22,51,219
23,51,158
24,51,146
25,51,145
26,51,146
27,51,150
28,51,148
29,51,148
30,51,153
31,51,151
32,51,153
33,51,148
34,51,145
35,51,146
36,51,148
37,51,148
38,51,149
39,51,150
40,51,148
41,51,146
42,51,147
43,51,148
44,51,150
45,51,152
46,51,152
47,51,151
48,51,150
49,51,151
50,51,149
51,51,148
52,51,152
53,51,154
54,51,152
55,51,154
56,51,156
57,51,154
58,51,155
59,51,159
60,51,156
61,51,157
62,51,159
63,51,154
64,51,157
65,51,161
66,51,156
67,51,154
68,51,156
69,51,153
70,51,174
71,51,236
72,51,253
73,51,252
74,51,253
75,51,253
76,51,254
77,51,253
78,51,254
79,51,252
80,51,254
81,51,255
82,51,255
83,51,255
84,51,255
85,51,255
86,51,255
87,51,255
88,51,255
89,51,255
90,51,255
91,51,255
92,51,255
93,51,255
94,51,255
95,51,255
96,51,255
97,51,255
98,51,255
0,52,255
1,52,255
2,52,255
3,52,255
4,52,255
5,52,255
6,52,255
7,52,255
8,52,255
9,52,255
10,52,255
11,52,255
12,52,255
13,52,255
14,52,253
15,52,254
16,52,253
17,52,253
18,52,254
19,52,252
20,52,254
21,52,252
22,52,248
23,52,176
24,52,147
25,52,143
26,52,147
27,52,149
28,52,149
29,52,151
30,52,151
31,52,148
32,52,152
33,52,148
34,52,146
35,52,146
36,52,151
37,52,147
38,52,146
39,52,146
40,52,147
41,52,147
42,52,146
43,52,148
44,52,149
45,52,151
46,52,151
47,52,148
48,52,148
49,52,149
50,52,147
51,52,146
52,52,150
53,52,151
54,52,150
55,52,152
56,52,153
57,52,151
58,52,157
59,52,159
60,52,156
61,52,157
62,52,158
63,52,152
64,52,153
65,52,154
66,52,149
67,52,153
68,52,152
69,52,150
70,52,193
71,52,246
72,52,252
73,52,250
74,52,254
75,52,253
76,52,254
77,52,253
78,52,254
79,52,253
80,52,254
81,52,255
82,52,255
83,52,255
84,52,255
85,52,255
86,52,255
87,52,255
88,52,255
89,52,255
90,52,255
91,52,255
92,52,255
93,52,255
94,52,255
95,52,255
96,52,255
97,52,255
98,52,255
0,53,255
1,53,255
2,53,255
3,53,255
4,53,255
5,53,255
6,53,255
7,53,255
8,53,255
9,53,255
10,53,255
11,53,255
12,53,255
13,53,255
14,53,253
15,53,254
16,53,253
17,53,253
18,53,254
19,53,253
20,53,252
21,53,253
22,53,252
23,53,214
24,53,150
25,53,141
26,53,146
27,53,145
28,53,149
29,53,151
30,53,148
31,53,146
32,53,150
33,53,147
34,53,145
35,53,144
36,53,150
37,53,147
38,53,145
39,53,145
40,53,146
41,53,144
42,53,144
43,53,144
44,53,145
45,53,146
46,53,147
47,53,148
48,53,147
49,53,149
50,53,147
51,53,146
52,53,150
53,53,152
54,53,151
55,53,152
56,53,153
57,53,152
58,53,154
59,53,156
60,53,154
61,53,155
62,53,156
63,53,152
64,53,154
65,53,155
66,53,148
67,53,153
68,53,150
69,53,153
70,53,216
71,53,250
72,53,251
73,53,252
74,53,253
75,53,253
76,53,254
77,53,254
78,53,254
79,53,253
80,53,254
81,53,255
82,53,255
83,53,255
84,53,255
85,53,255
86,53,255
87,53,255
88,53,255
89,53,255
90,53,255
91,53,255
92,53,255
93,53,255
94,53,255
95,53,255
96,53,255
97,53,255
98,53,255
0,54,255
1,54,255
2,54,255
3,54,255
4,54,255
5,54,255
6,54,255
7,54,255
8,54,255
9,54,255
10,54,255
11,54,255
12,54,255
13,54,255
14,54,254
15,54,254
16,54,253
17,54,254
18,54,254
19,54,254
20,54,245
21,54,253
22,54,252
23,54,239
24,54,172
25,54,140
26,54,142
27,54,142
28,54,145
29,54,147
30,54,145
31,54,143
32,54,147
33,54,144
34,54,143
35,54,142
36,54,147
37,54,146
38,54,146
39,54,146
40,54,143
41,54,142
42,54,143
43,54,143
44,54,143
45,54,145
46,54,146
47,54,144
48,54,144
49,54,146
50,54,144
51,54,144
52,54,148
53,54,150
54,54,150
55,54,150
56,54,151
57,54,151
58,54,151
59,54,151
60,54,151
61,54,152
62,54,153
63,54,151
64,54,152
65,54,153
66,54,149
67,54,150
68,54,151
69,54,180
70,54,237
71,54,251
72,54,251
73,54,253
74,54,252
75,54,253
76,54,254
77,54,254
78,54,254
79,54,254
80,54,254
81,54,255
82,54,255
83,54,255
84,54,255
85,54,255
86,54,255
87,54,255
88,54,255
89,54,255
90,54,255
91,54,255
92,54,255
93,54,255
94,54,255
95,54,255
96,54,255
97,54,255
98,54,255
0,55,255
1,55,255
2,55,255
3,55,255
4,55,255
5,55,255
6,55,255
7,55,255
8,55,255
9,55,255
10,55,255
11,55,255
12,55,255
13,55,255
14,55,254
15,55,254
16,55,254
17,55,254
18,55,254
19,55,253
20,55,250
21,55,251
22,55,252
23,55,250
24,55,213
25,55,143
26,55,139
27,55,141
28,55,142
29,55,143
30,55,145
31,55,144
32,55,147
33,55,143
34,55,143
35,55,143
36,55,147
37,55,146
38,55,145
39,55,145
40,55,143
41,55,141
42,55,142
43,55,141
44,55,141
45,55,142
46,55,145
47,55,141
48,55,141
49,55,143
50,55,142
51,55,141
52,55,145
53,55,148
54,55,149
55,55,149
56,55,149
57,55,149
58,55,150
59,55,149
60,55,150
61,55,151
62,55,150
63,55,150
64,55,149
65,55,147
66,55,145
67,55,145
68,55,156
69,55,222
70,55,248
71,55,251
72,55,253
73,55,250
74,55,254
75,55,253
76,55,254
77,55,254
78,55,254
79,55,254
80,55,254
81,55,255
82,55,255
83,55,255
84,55,255
85,55,255
86,55,255
87,55,255
88,55,255
89,55,255
90,55,255
91,55,255
92,55,255
93,55,255
94,55,255
95,55,255
96,55,255
97,55,255
98,55,255
0,56,255
1,56,255
2,56,255
3,56,255
4,56,255
5,56,255
6,56,255
7,56,255
8,56,255
9,56,255
10,56,255
11,56,255
12,56,255
13,56,255
14,56,254
15,56,254
16,56,254
17,56,254
18,56,254
19,56,253
20,56,254
21,56,251
22,56,252
23,56,252
24,56,244
25,56,174
26,56,136
27,56,144
28,56,139
29,56,144
30,56,143
31,56,143
32,56,144
33,56,142
34,56,138
35,56,141
36,56,145
37,56,145
38,56,142
39,56,142
40,56,142
41,56,139
42,56,140
43,56,138
44,56,138
45,56,141
46,56,142
47,56,143
48,56,141
49,56,142
50,56,142
51,56,142
52,56,145
53,56,147
54,56,149
55,56,149
56,56,148
57,56,148
58,56,148
59,56,147
60,56,150
61,56,148
62,56,146
63,56,148
64,56,146
65,56,144
66,56,143
67,56,143
68,56,178
69,56,245
70,56,251
71,56,251
72,56,253
73,56,251
74,56,254
75,56,253
76,56,254
77,56,254
78,56,254
79,56,254
80,56,254
81,56,255
82,56,255
83,56,255
84,56,255
85,56,255
86,56,255
87,56,255
88,56,255
89,56,255
90,56,255
91,56,255
92,56,255
93,56,255
94,56,255
95,56,255
96,56,255
97,56,255
98,56,255
0,57,255
1,57,255
2,57,255
3,57,255
4,57,255
5,57,255
6,57,255
7,57,255
8,57,255
9,57,255
10,57,255
11,57,255
12,57,255
13,57,255
14,57,254
15,57,254
16,57,254
17,57,255
18,57,254
19,57,254
20,57,254
21,57,253
22,57,254
23,57,253
24,57,251
25,57,224
26,57,153
27,57,137
28,57,137
29,57,137
30,57,141
31,57,138
32,57,140
33,57,142
34,57,138
35,57,139
36,57,143
37,57,144
38,57,140
39,57,140
40,57,138
41,57,136
42,57,138
43,57,136
44,57,135
45,57,139
46,57,140
47,57,142
48,57,139
49,57,140
50,57,141
51,57,141
52,57,143
53,57,144
54,57,144
55,57,144
56,57,146
57,57,148
58,57,147
59,57,147
60,57,148
61,57,146
62,57,143
63,57,145
64,57,144
65,57,137
66,57,148
67,57,150
68,57,220
69,57,250
70,57,253
71,57,253
72,57,254
73,57,254
74,57,254
75,57,254
76,57,255
77,57,255
78,57,255
79,57,255
80,57,255
81,57,255
82,57,255
83,57,255
84,57,255
85,57,255
86,57,255
87,57,255
88,57,255
89,57,255
90,57,255
91,57,255
92,57,255
93,57,255
94,57,255
95,57,255
96,57,255
97,57,255
98,57,255
0,58,255
1,58,255
2,58,255
3,58,255
4,58,255
5,58,255
6,58,255
7,58,255
8,58,255
9,58,255
10,58,255
11,58,255
12,58,255
13,58,255
14,58,254
15,58,254
16,58,255
17,58,255
18,58,254
19,58,254
20,58,254
21,58,254
22,58,254
23,58,253
24,58,253
25,58,248
26,58,198
27,58,136
28,58,135
29,58,137
30,58,138
31,58,139
32,58,140
33,58,143
34,58,141
35,58,138
36,58,141
37,58,143
38,58,141
39,58,138
40,58,135
41,58,134
42,58,136
43,58,133
44,58,132
45,58,136
46,58,136
47,58,138
48,58,135
49,58,137
50,58,140
51,58,139
52,58,142
53,58,144
54,58,143
55,58,143
56,58,145
57,58,149
58,58,145
59,58,144
60,58,144
61,58,144
62,58,142
63,58,139
64,58,134
65,58,136
66,58,146
67,58,200
68,58,246
69,58,252
70,58,253
71,58,254
72,58,254
73,58,254
74,58,254
75,58,254
76,58,255
77,58,255
78,58,255
79,58,255
80,58,255
81,58,255
82,58,255
83,58,255
84,58,255
85,58,255
86,58,255
87,58,255
88,58,255
89,58,255
90,58,255
91,58,255
92,58,255
93,58,255
94,58,255
95,58,255
96,58,255
97,58,255
98,58,255
0,59,255
1,59,255
2,59,255
3,59,255
4,59,255
5,59,255
6,59,255
7,59,255
8,59,255
9,59,255
10,59,255
11,59,255
12,59,255
13,59,255
14,59,254
15,59,255
16,59,255
17,59,255
18,59,254
19,59,254
20,59,254
21,59,254
22,59,254
23,59,254
24,59,253
25,59,251
26,59,241
27,59,174
28,59,135
29,59,143
30,59,137
31,59,138
32,59,136
33,59,137
34,59,138
35,59,136
36,59,136
37,59,141
38,59,142
39,59,137
40,59,133
41,59,134
42,59,134
43,59,131
44,59,131
45,59,136
46,59,136
47,59,134
48,59,133
49,59,136
50,59,139
51,59,139
52,59,140
53,59,140
54,59,141
55,59,140
56,59,140
57,59,142
58,59,143
59,59,140
60,59,138
61,59,139
62,59,137
63,59,133
64,59,129
65,59,143
66,59,176
67,59,245
68,59,252
69,59,254
70,59,254
71,59,254
72,59,254
73,59,254
74,59,254
75,59,254
76,59,255
77,59,255
78,59,255
79,59,255
80,59,255
81,59,255
82,59,255
83,59,255
84,59,255
85,59,255
86,59,255
87,59,255
88,59,255
89,59,255
90,59,255
91,59,255
92,59,255
93,59,255
94,59,255
95,59,255
96,59,255
97,59,255
98,59,255
0,60,255
1,60,255
2,60,255
3,60,255
4,60,255
5,60,255
6,60,255
7,60,255
8,60,255
9,60,255
10,60,255
11,60,255
12,60,255
13,60,255
14,60,255
15,60,255
16,60,254
17,60,255
18,60,254
19,60,254
20,60,254
21,60,254
22,60,255
23,60,255
24,60,255
25,60,254
26,60,250
27,60,223
28,60,161
29,60,134
30,60,135
31,60,135
32,60,135
33,60,135
34,60,139
35,60,140
36,60,134
37,60,137
38,60,140
39,60,132
40,60,129
41,60,133
42,60,133
43,60,130
44,60,129
45,60,133
46,60,134
47,60,133
48,60,132
49,60,135
50,60,138
51,60,137
52,60,138
53,60,138
54,60,139
55,60,138
56,60,138
57,60,140
58,60,141
59,60,139
60,60,134
61,60,131
62,60,130
63,60,127
64,60,138
65,60,161
66,60,228
67,60,245
68,60,252
69,60,254
70,60,255
71,60,255
72,60,254
73,60,254
74,60,254
75,60,254
76,60,255
77,60,254
78,60,254
79,60,255
80,60,255
81,60,255
82,60,255
83,60,255
84,60,255
85,60,255
86,60,255
87,60,255
88,60,255
89,60,255
90,60,255
91,60,255
92,60,255
93,60,255
94,60,255
95,60,255
96,60,255
97,60,255
98,60,255
0,61,255
1,61,255
2,61,255
3,61,255
4,61,255
5,61,255
6,61,255
7,61,255
8,61,255
9,61,255
10,61,255
11,61,255
12,61,255
13,61,255
14,61,255
15,61,255
16,61,254
17,61,255
18,61,254
19,61,253
20,61,253
21,61,255
22,61,255
23,61,255
24,61,255
25,61,249
26,61,251
27,61,248
28,61,215
29,61,140
30,61,134
31,61,134
32,61,136
33,61,133
34,61,135
35,61,136
36,61,134
37,61,138
38,61,140
39,61,130
40,61,127
41,61,134
42,61,134
43,61,130
44,61,128
45,61,130
46,61,130
47,61,131
48,61,131
49,61,134
50,61,136
51,61,135
52,61,135
53,61,135
54,61,134
55,61,133
56,61,135
57,61,140
58,61,134
59,61,136
60,61,130
61,61,127
62,61,128
63,61,130
64,61,147
65,61,220
66,61,249
67,61,249
68,61,252
69,61,254
70,61,255
71,61,255
72,61,254
73,61,254
74,61,254
75,61,254
76,61,255
77,61,255
78,61,254
79,61,255
80,61,255
81,61,255
82,61,255
83,61,255
84,61,255
85,61,255
86,61,255
87,61,255
88,61,255
89,61,255
90,61,255
91,61,255
92,61,255
93,61,255
94,61,255
95,61,255
96,61,255
97,61,255
98,61,255
0,62,255
1,62,255
2,62,255
3,62,255
4,62,255
5,62,255
6,62,255
7,62,255
8,62,255
9,62,255
10,62,255
11,62,255
12,62,255
13,62,255
14,62,255
15,62,255
16,62,255
17,62,255
18,62,255
19,62,255
20,62,255
21,62,255
22,62,255
23,62,255
24,62,255
25,62,249
26,62,254
27,62,251
28,62,249
29,62,204
30,62,143
31,62,126
32,62,133
33,62,133
34,62,134
35,62,140
36,62,134
37,62,135
38,62,134
39,62,130
40,62,128
41,62,127
42,62,127
43,62,127
44,62,130
45,62,132
46,62,129
47,62,128
48,62,128
49,62,130
50,62,133
51,62,130
52,62,128
53,62,129
54,62,128
55,62,128
56,62,133
57,62,131
58,62,128
59,62,128
60,62,124
61,62,123
62,62,129
63,62,142
64,62,209
65,62,250
66,62,252
67,62,253
68,62,251
69,62,254
70,62,255
71,62,255
72,62,255
73,62,255
74,62,255
75,62,255
76,62,255
77,62,255
78,62,255
79,62,255
80,62,255
81,62,255
82,62,255
83,62,255
84,62,255
85,62,255
86,62,255
87,62,255
88,62,255
89,62,255
90,62,255
91,62,255
92,62,255
93,62,255
94,62,255
95,62,255
96,62,255
97,62,255
98,62,255
0,63,255
1,63,255
2,63,255
3,63,255
4,63,255
5,63,255
6,63,255
7,63,255
8,63,255
9,63,255
10,63,255
11,63,255
12,63,255
13,63,255
14,63,255
15,63,255
16,63,255
17,63,255
18,63,255
19,63,255
20,63,255
21,63,255
22,63,255
23,63,255
24,63,255
25,63,252
26,63,254
27,63,251
28,63,253
29,63,245
30,63,209
31,63,149
32,63,125
33,63,133
34,63,130
35,63,133
36,63,131
37,63,130
38,63,131
39,63,132
40,63,133
41,63,131
42,63,127
43,63,127
44,63,127
45,63,127
46,63,125
47,63,124
48,63,125
49,63,126
50,63,125
51,63,123
52,63,123
53,63,127
54,63,128
55,63,127
56,63,128
57,63,126
58,63,120
59,63,121
60,63,118
61,63,119
62,63,152
63,63,214
64,63,248
65,63,248
66,63,251
67,63,254
68,63,251
69,63,254
70,63,255
71,63,255
72,63,255
73,63,255
74,63,255
75,63,255
76,63,255
77,63,255
78,63,255
79,63,255
80,63,255
81,63,255
82,63,255
83,63,255
84,63,255
85,63,255
86,63,255
87,63,255
88,63,255
89,63,255
90,63,255
91,63,255
92,63,255
93,63,255
94,63,255
95,63,255
96,63,255
97,63,255
98,63,255
0,64,255
1,64,255
2,64,255
3,64,255
4,64,255
5,64,255
6,64,255
7,64,255
8,64,255
9,64,255
10,64,255
11,64,255
12,64,255
13,64,255
14,64,255
15,64,255
16,64,255
17,64,255
18,64,255
19,64,255
20,64,255
21,64,255
22,64,255
23,64,255
24,64,255
25,64,254
26,64,254
27,64,252
28,64,251
29,64,252
30,64,250
31,64,215
32,64,149
33,64,119
34,64,125
35,64,130
36,64,125
37,64,126
38,64,129
39,64,130
40,64,127
41,64,125
42,64,126
43,64,125
44,64,126
45,64,127
46,64,125
47,64,121
48,64,124
49,64,123
50,64,120
51,64,119
52,64,121
53,64,123
54,64,124
55,64,125
56,64,122
57,64,117
58,64,117
59,64,105
60,64,111
61,64,165
62,64,242
63,64,248
64,64,251
65,64,250
66,64,254
67,64,253
68,64,251
69,64,255
70,64,255
71,64,255
72,64,255
73,64,255
74,64,255
75,64,255
76,64,255
77,64,255
78,64,255
79,64,255
80,64,255
81,64,255
82,64,255
83,64,255
84,64,255
85,64,255
86,64,255
87,64,255
88,64,255
89,64,255
90,64,255
91,64,255
92,64,255
93,64,255
94,64,255
95,64,255
96,64,255
97,64,255
98,64,255
0,65,255
1,65,255
2,65,255
3,65,255
4,65,255
5,65,255
6,65,255
7,65,255
8,65,255
9,65,255
10,65,255
11,65,255
12,65,255
13,65,255
14,65,255
15,65,255
16,65,255
17,65,255
18,65,255
19,65,255
20,65,255
21,65,255
22,65,255
23,65,255
24,65,255
25,65,252
26,65,252
27,65,254
28,65,253
29,65,253
30,65,253
31,65,250
32,65,231
33,65,171
34,65,123
35,65,120
36,65,123
37,65,124
38,65,124
39,65,124
40,65,124
41,65,125
42,65,124
43,65,121
44,65,122
45,65,122
46,65,119
47,65,118
48,65,118
49,65,117
50,65,115
51,65,115
52,65,118
53,65,117
54,65,111
55,65,112
56,65,110
57,65,106
58,65,103
59,65,119
60,65,193
61,65,244
62,65,248
63,65,253
64,65,254
65,65,254
66,65,252
67,65,252
68,65,252
69,65,254
70,65,255
71,65,255
72,65,255
73,65,255
74,65,255
75,65,255
76,65,255
77,65,255
78,65,255
79,65,255
80,65,255
81,65,255
82,65,255
83,65,255
84,65,255
85,65,255
86,65,255
87,65,255
88,65,255
89,65,255
90,65,255
91,65,255
92,65,255
93,65,255
94,65,255
95,65,255
96,65,255
97,65,255
98,65,255
0,66,255
1,66,255
2,66,255
3,66,255
4,66,255
5,66,255
6,66,255
7,66,255
8,66,255
9,66,255
10,66,255
11,66,255
12,66,255
13,66,255
14,66,255
15,66,255
16,66,255
17,66,255
18,66,255
19,66,255
20,66,255
21,66,255
22,66,255
23,66,255
24,66,255
25,66,254
26,66,253
27,66,251
28,66,251
29,66,251
30,66,252
31,66,246
32,66,250
33,66,208
34,66,113
35,66,91
36,66,104
37,66,112
38,66,116
39,66,117
40,66,120
41,66,123
42,66,119
43,66,114
44,66,113
45,66,112
46,66,109
47,66,111
48,66,108
49,66,105
50,66,104
51,66,104
52,66,102
53,66,95
54,66,95
55,66,92
56,66,83
57,66,81
58,66,89
59,66,140
60,66,186
61,66,237
62,66,251
63,66,244
64,66,248
65,66,252
66,66,254
67,66,254
68,66,251
69,66,254
70,66,255
71,66,255
72,66,255
73,66,255
74,66,255
75,66,255
76,66,255
77,66,255
78,66,255
79,66,255
80,66,255
81,66,255
82,66,255
83,66,255
84,66,255
85,66,255
86,66,255
87,66,255
88,66,255
89,66,255
90,66,255
91,66,255
92,66,255
93,66,255
94,66,255
95,66,255
96,66,255
97,66,255
98,66,255
0,67,255
1,67,255
2,67,255
3,67,255
4,67,255
5,67,255
6,67,255
7,67,255
8,67,255
9,67,255
10,67,255
11,67,255
12,67,255
13,67,255
14,67,255
15,67,255
16,67,255
17,67,255
18,67,255
19,67,255
20,67,255
21,67,255
22,67,255
23,67,255
24,67,255
25,67,253
26,67,254
27,67,254
28,67,254
29,67,253
30,67,250
31,67,251
32,67,224
33,67,157
34,67,108
35,67,80
36,67,60
37,67,66
38,67,74
39,67,81
40,67,90
41,67,97
42,67,97
43,67,95
44,67,95
45,67,95
46,67,92
47,67,92
48,67,88
49,67,84
50,67,81
51,67,77
52,67,73
53,67,66
54,67,60
55,67,56
56,67,62
57,67,80
58,67,110
59,67,130
60,67,158
61,67,191
62,67,229
63,67,249
64,67,252
65,67,253
66,67,252
67,67,249
68,67,253
69,67,255
70,67,255
71,67,255
72,67,255
73,67,255
74,67,255
75,67,255
76,67,255
77,67,255
78,67,255
79,67,255
80,67,255
81,67,255
82,67,255
83,67,255
84,67,255
85,67,255
86,67,255
87,67,255
88,67,255
89,67,255
90,67,255
91,67,255
92,67,255
93,67,255
94,67,255
95,67,255
96,67,255
97,67,255
98,67,255
0,68,255
1,68,255
2,68,255
3,68,255
4,68,255
5,68,255
6,68,255
7,68,255
8,68,255
9,68,255
10,68,255
11,68,255
12,68,255
13,68,255
14,68,255
15,68,255
16,68,255
17,68,255
18,68,255
19,68,255
20,68,255
21,68,255
22,68,255
23,68,255
24,68,255
25,68,252
26,68,254
27,68,253
28,68,253
29,68,253
30,68,251
31,68,239
32,68,209
33,68,183
34,68,157
35,68,132
36,68,105
37,68,82
38,68,63
39,68,48
40,68,39
41,68,38
42,68,37
43,68,38
44,68,37
45,68,37
46,68,37
47,68,40
48,68,39
49,68,38
50,68,39
51,68,41
52,68,47
53,68,63
54,68,73
55,68,88
56,68,106
57,68,121
58,68,139
59,68,149
60,68,163
61,68,176
62,68,197
63,68,222
64,68,244
65,68,251
66,68,253
67,68,253
68,68,253
69,68,254
70,68,255
71,68,255
72,68,255
73,68,255
74,68,255
75,68,255
76,68,255
77,68,255
78,68,255
79,68,255
80,68,255
81,68,255
82,68,255
83,68,255
84,68,255
85,68,255
86,68,255
87,68,255
88,68,255
89,68,255
90,68,255
91,68,255
92,68,255
93,68,255
94,68,255
95,68,255
96,68,255
97,68,255
98,68,255
0,69,255
1,69,255
2,69,255
3,69,255
4,69,255
5,69,255
6,69,255
7,69,255
8,69,255
9,69,255
10,69,255
11,69,255
12,69,255
13,69,255
14,69,255
15,69,255
16,69,255
17,69,255
18,69,255
19,69,255
20,69,255
21,69,255
22,69,255
23,69,255
24,69,255
25,69,253
26,69,254
27,69,253
28,69,253
29,69,252
30,69,243
31,69,224
32,69,210
33,69,209
34,69,204
35,69,191
36,69,174
37,69,159
38,69,143
39,69,123
40,69,106
41,69,95
42,69,86
43,69,79
44,69,72
45,69,69
46,69,68
47,69,72
48,69,73
49,69,78
50,69,88
51,69,101
52,69,110
53,69,121
54,69,132
55,69,144
56,69,153
57,69,160
58,69,172
59,69,178
60,69,186
61,69,191
62,69,198
63,69,209
64,69,228
65,69,246
66,69,254
67,69,253
68,69,252
69,69,254
70,69,255
71,69,255
72,69,255
73,69,255
74,69,255
75,69,255
76,69,255
77,69,255
78,69,255
79,69,255
80,69,255
81,69,255
82,69,255
83,69,255
84,69,255
85,69,255
86,69,255
87,69,255
88,69,255
89,69,255
90,69,255
91,69,255
92,69,255
93,69,255
94,69,255
95,69,255
96,69,255
97,69,255
98,69,255
0,70,255
1,70,255
2,70,255
3,70,255
4,70,255
5,70,255
6,70,255
7,70,255
8,70,255
9,70,255
10,70,255
11,70,255
12,70,255
13,70,255
14,70,255
15,70,255
16,70,255
17,70,255
18,70,255
19,70,255
20,70,255
21,70,255
22,70,255
23,70,255
24,70,255
25,70,254
26,70,253
27,70,253
28,70,254
29,70,247
30,70,231
31,70,222
32,70,221
33,70,218
34,70,216
35,70,218
36,70,217
37,70,211
38,70,203
39,70,197
40,70,192
41,70,187
42,70,181
43,70,175
44,70,170
45,70,166
46,70,164
47,70,160
48,70,162
49,70,166
50,70,170
51,70,174
52,70,177
53,70,182
54,70,187
55,70,192
56,70,197
57,70,202
58,70,206
59,70,208
60,70,211
61,70,215
62,70,219
63,70,220
64,70,226
65,70,239
66,70,251
67,70,254
68,70,253
69,70,254
70,70,255
71,70,255
72,70,255
73,70,255
74,70,255
75,70,255
76,70,255
77,70,255
78,70,255
79,70,255
80,70,255
81,70,255
82,70,255
83,70,255
84,70,255
85,70,255
86,70,255
87,70,255
88,70,255
89,70,255
90,70,255
91,70,255
92,70,255
93,70,255
94,70,255
95,70,255
96,70,255
97,70,255
98,70,255
0,71,255
1,71,255
2,71,255
3,71,255
4,71,255
5,71,255
6,71,255
7,71,255
8,71,255
9,71,255
10,71,255
11,71,255
12,71,255
13,71,255
14,71,255
15,71,255
16,71,255
17,71,255
18,71,255
19,71,255
20,71,255
21,71,255
22,71,255
23,71,255
24,71,255
25,71,254
26,71,252
27,71,253
28,71,253
29,71,240
30,71,225
31,71,223
32,71,223
33,71,225
34,71,226
35,71,225
36,71,223
37,71,227
38,71,228
39,71,229
40,71,230
41,71,226
42,71,223
43,71,223
44,71,223
45,71,222
46,71,221
47,71,220
48,71,219
49,71,218
50,71,218
51,71,220
52,71,221
53,71,221
54,71,225
55,71,227
56,71,227
57,71,227
58,71,230
59,71,231
60,71,228
61,71,230
62,71,233
63,71,233
64,71,236
65,71,237
66,71,245
67,71,253
68,71,254
69,71,255
70,71,255
71,71,255
72,71,255
73,71,255
74,71,255
75,71,255
76,71,255
77,71,255
78,71,255
79,71,255
80,71,255
81,71,255
82,71,255
83,71,255
84,71,255
85,71,255
86,71,255
87,71,255
88,71,255
89,71,255
90,71,255
91,71,255
92,71,255
93,71,255
94,71,255
95,71,255
96,71,255
97,71,255
98,71,255
0,72,255
1,72,255
2,72,255
3,72,255
4,72,255
5,72,255
6,72,255
7,72,255
8,72,255
9,72,255
10,72,255
11,72,255
12,72,255
13,72,255
14,72,255
15,72,255
16,72,255
17,72,255
18,72,255
19,72,255
20,72,255
21,72,255
22,72,255
23,72,255
24,72,255
25,72,253
26,72,254
27,72,253
28,72,248
29,72,237
30,72,229
31,72,230
32,72,231
33,72,232
34,72,233
35,72,233
36,72,233
37,72,235
38,72,233
39,72,234
40,72,236
41,72,235
42,72,237
43,72,236
44,72,237
45,72,236
46,72,237
47,72,238
48,72,237
49,72,237
50,72,236
51,72,237
52,72,237
53,72,236
54,72,238
55,72,238
56,72,237
57,72,237
58,72,237
59,72,241
60,72,241
61,72,241
62,72,243
63,72,241
64,72,243
65,72,244
66,72,246
67,72,250
68,72,253
69,72,255
70,72,255
71,72,255
72,72,255
73,72,255
74,72,255
75,72,255
76,72,255
77,72,255
78,72,255
79,72,255
80,72,255
81,72,255
82,72,255
83,72,255
84,72,255
85,72,255
86,72,255
87,72,255
88,72,255
89,72,255
90,72,255
91,72,255
92,72,255
93,72,255
94,72,255
95,72,255
96,72,255
97,72,255
98,72,255
0,73,255
1,73,255
2,73,255
3,73,255
4,73,255
5,73,255
6,73,255
7,73,255
8,73,255
9,73,255
10,73,255
11,73,255
12,73,255
13,73,255
14,73,255
15,73,255
16,73,255
17,73,255
18,73,255
19,73,255
20,73,255
21,73,255
22,73,255
23,73,255
24,73,255
25,73,253
26,73,255
27,73,253
28,73,248
29,73,241
30,73,239
31,73,242
32,73,242
33,73,242
34,73,242
35,73,242
36,73,244
37,73,244
38,73,244
39,73,244
40,73,244
41,73,244
42,73,244
43,73,244
44,73,244
45,73,244
46,73,244
47,73,246
48,73,246
49,73,246
50,73,246
51,73,246
52,73,246
53,73,246
54,73,246
55,73,246
56,73,246
57,73,246
58,73,249
59,73,249
60,73,249
61,73,249
62,73,249
63,73,249
64,73,250
65,73,250
66,73,250
67,73,250
68,73,251
69,73,254
70,73,255
71,73,255
72,73,255
73,73,255
74,73,255
75,73,255
76,73,255
77,73,255
78,73,255
79,73,255
80,73,255
81,73,255
82,73,255
83,73,255
84,73,255
85,73,255
86,73,255
87,73,255
88,73,255
89,73,255
90,73,255
91,73,255
92,73,255
93,73,255
94,73,255
95,73,255
96,73,255
97,73,255
98,73,255
0,74,255
1,74,255
2,74,255
3,74,255
4,74,255
5,74,255
6,74,255
7,74,255
8,74,255
9,74,255
10,74,255
11,74,255
12,74,255
13,74,255
14,74,255
15,74,255
16,74,255
17,74,255
18,74,255
19,74,255
20,74,255
21,74,255
22,74,255
23,74,255
24,74,255
25,74,254
26,74,254
27,74,254
28,74,251
29,74,248
30,74,248
31,74,250
32,74,250
33,74,250
34,74,250
35,74,250
36,74,251
37,74,251
38,74,251
39,74,251
40,74,251
41,74,251
42,74,251
43,74,251
44,74,251
45,74,251
46,74,251
47,74,252
48,74,252
49,74,252
50,74,252
51,74,252
52,74,252
53,74,252
54,74,252
55,74,252
56,74,252
57,74,252
58,74,252
59,74,252
60,74,252
61,74,252
62,74,252
63,74,252
64,74,252
65,74,252
66,74,253
67,74,253
68,74,253
69,74,254
70,74,255
71,74,255
72,74,255
73,74,255
74,74,255
75,74,255
76,74,255
77,74,255
78,74,255
79,74,255
80,74,255
81,74,255
82,74,255
83,74,255
84,74,255
85,74,255
86,74,255
87,74,255
88,74,255
89,74,255
90,74,255
91,74,255
92,74,255
93,74,255
94,74,255
95,74,255
96,74,255
97,74,255
98,74,255
